filename,ID,startday,calendar_date,Nvaliddays,Nvaliddays_WD,Nvaliddays_WE,Ndaysleeper,Ncleaningcodezero,Ncleaningcode1,Ncleaningcode2,Ncleaningcode3,Ncleaningcode4,Ncleaningcode5,Ncleaningcode6,Nsleeplog_used,Nacc_available,start_end_window,sleeponset_pla,wakeup_pla,nonwear_perc_day_pla,nonwear_perc_spt_pla,nonwear_perc_day_spt_pla,dur_spt_sleep_min_pla,dur_spt_wake_IN_min_pla,dur_spt_wake_LIG_min_pla,dur_spt_wake_MOD_min_pla,dur_spt_wake_VIG_min_pla,dur_day_IN_unbt_min_pla,dur_day_LIG_unbt_min_pla,dur_day_MOD_unbt_min_pla,dur_day_VIG_unbt_min_pla,dur_day_MVPA_bts_10_min_pla,dur_day_MVPA_bts_5_10_min_pla,dur_day_MVPA_bts_1_5_min_pla,dur_day_IN_bts_30_min_pla,dur_day_IN_bts_20_30_min_pla,dur_day_IN_bts_10_20_min_pla,dur_day_LIG_bts_10_min_pla,dur_day_LIG_bts_5_10_min_pla,dur_day_LIG_bts_1_5_min_pla,dur_day_total_IN_min_pla,dur_day_total_LIG_min_pla,dur_day_total_MOD_min_pla,dur_day_total_VIG_min_pla,dur_day_min_pla,dur_spt_min_pla,dur_day_spt_min_pla,N_atleast5minwakenight_pla,sleep_efficiency_after_onset_pla,tail_expansion_minutes_pla,ACC_spt_sleep_mg_pla,ACC_spt_wake_IN_mg_pla,ACC_spt_wake_LIG_mg_pla,ACC_spt_wake_MOD_mg_pla,ACC_spt_wake_VIG_mg,ACC_day_IN_unbt_mg_pla,ACC_day_LIG_unbt_mg_pla,ACC_day_MOD_unbt_mg_pla,ACC_day_VIG_unbt_mg_pla,ACC_day_MVPA_bts_10_mg_pla,ACC_day_MVPA_bts_5_10_mg_pla,ACC_day_MVPA_bts_1_5_mg_pla,ACC_day_IN_bts_30_mg_pla,ACC_day_IN_bts_20_30_mg_pla,ACC_day_IN_bts_10_20_mg_pla,ACC_day_LIG_bts_10_mg_pla,ACC_day_LIG_bts_5_10_mg_pla,ACC_day_LIG_bts_1_5_mg_pla,ACC_day_total_IN_mg_pla,ACC_day_total_LIG_mg_pla,ACC_day_total_MOD_mg_pla,ACC_day_total_VIG_mg_pla,ACC_day_mg_pla,ACC_spt_mg_pla,ACC_spt_mg_median_pla,ACC_spt_mg_stdev_pla,ACC_day_spt_mg_pla,quantile_mostactive60min_mg_pla,quantile_mostactive30min_mg_pla,L5VALUE_pla,M5VALUE_pla,M5_mean_peakLUX_pla,M5_max_peakLUX_pla,L5TIME_num_pla,M5TIME_num_pla,Nbouts_day_MVPA_bts_10_pla,Nbouts_day_MVPA_bts_5_10_pla,Nbouts_day_MVPA_bts_1_5_pla,Nbouts_day_IN_bts_30_pla,Nbouts_day_IN_bts_20_30_pla,Nbouts_day_IN_bts_10_20_pla,Nbouts_day_LIG_bts_10_pla,Nbouts_day_LIG_bts_5_10_pla,Nbouts_day_LIG_bts_1_5_pla,Nblocks_spt_sleep_pla,Nblocks_spt_wake_IN_pla,Nblocks_spt_wake_LIG_pla,Nblocks_spt_wake_MOD_pla,Nblocks_spt_wake_VIG_pla,Nblocks_day_IN_unbt_pla,Nblocks_day_LIG_unbt_pla,Nblocks_day_MOD_unbt_pla,Nblocks_day_VIG_unbt_pla,Nblocks_day_MVPA_bts_10_pla,Nblocks_day_MVPA_bts_5_10_pla,Nblocks_day_MVPA_bts_1_5_pla,Nblocks_day_IN_bts_30_pla,Nblocks_day_IN_bts_20_30_pla,Nblocks_day_IN_bts_10_20_pla,Nblocks_day_LIG_bts_10_pla,Nblocks_day_LIG_bts_5_10_pla,Nblocks_day_LIG_bts_1_5_pla,Nblocks_day_total_IN_pla,Nblocks_day_total_LIG_pla,Nblocks_day_total_MOD_pla,Nblocks_day_total_VIG_pla,boutcriter.in,boutcriter.lig,boutcriter.mvpa,boutdur.in,boutdur.lig,boutdur.mvpa,GGIRversion,sleeponset_wei,wakeup_wei,nonwear_perc_day_wei,nonwear_perc_spt_wei,nonwear_perc_day_spt_wei,dur_spt_sleep_min_wei,dur_spt_wake_IN_min_wei,dur_spt_wake_LIG_min_wei,dur_spt_wake_MOD_min_wei,dur_spt_wake_VIG_min_wei,dur_day_IN_unbt_min_wei,dur_day_LIG_unbt_min_wei,dur_day_MOD_unbt_min_wei,dur_day_VIG_unbt_min_wei,dur_day_MVPA_bts_10_min_wei,dur_day_MVPA_bts_5_10_min_wei,dur_day_MVPA_bts_1_5_min_wei,dur_day_IN_bts_30_min_wei,dur_day_IN_bts_20_30_min_wei,dur_day_IN_bts_10_20_min_wei,dur_day_LIG_bts_10_min_wei,dur_day_LIG_bts_5_10_min_wei,dur_day_LIG_bts_1_5_min_wei,dur_day_total_IN_min_wei,dur_day_total_LIG_min_wei,dur_day_total_MOD_min_wei,dur_day_total_VIG_min_wei,dur_day_min_wei,dur_spt_min_wei,dur_day_spt_min_wei,N_atleast5minwakenight_wei,sleep_efficiency_after_onset_wei,tail_expansion_minutes_wei,ACC_spt_sleep_mg_wei,ACC_spt_wake_IN_mg_wei,ACC_spt_wake_LIG_mg_wei,ACC_spt_wake_MOD_mg_wei,ACC_day_IN_unbt_mg_wei,ACC_day_LIG_unbt_mg_wei,ACC_day_MOD_unbt_mg_wei,ACC_day_VIG_unbt_mg_wei,ACC_day_MVPA_bts_10_mg_wei,ACC_day_MVPA_bts_5_10_mg_wei,ACC_day_MVPA_bts_1_5_mg_wei,ACC_day_IN_bts_30_mg_wei,ACC_day_IN_bts_20_30_mg_wei,ACC_day_IN_bts_10_20_mg_wei,ACC_day_LIG_bts_10_mg_wei,ACC_day_LIG_bts_5_10_mg_wei,ACC_day_LIG_bts_1_5_mg_wei,ACC_day_total_IN_mg_wei,ACC_day_total_LIG_mg_wei,ACC_day_total_MOD_mg_wei,ACC_day_total_VIG_mg_wei,ACC_day_mg_wei,ACC_spt_mg_wei,ACC_spt_mg_median_wei,ACC_spt_mg_stdev_wei,ACC_day_spt_mg_wei,quantile_mostactive60min_mg_wei,quantile_mostactive30min_mg_wei,L5VALUE_wei,M5VALUE_wei,M5_mean_peakLUX_wei,M5_max_peakLUX_wei,L5TIME_num_wei,M5TIME_num_wei,Nbouts_day_MVPA_bts_10_wei,Nbouts_day_MVPA_bts_5_10_wei,Nbouts_day_MVPA_bts_1_5_wei,Nbouts_day_IN_bts_30_wei,Nbouts_day_IN_bts_20_30_wei,Nbouts_day_IN_bts_10_20_wei,Nbouts_day_LIG_bts_10_wei,Nbouts_day_LIG_bts_5_10_wei,Nbouts_day_LIG_bts_1_5_wei,Nblocks_spt_sleep_wei,Nblocks_spt_wake_IN_wei,Nblocks_spt_wake_LIG_wei,Nblocks_spt_wake_MOD_wei,Nblocks_spt_wake_VIG_wei,Nblocks_day_IN_unbt_wei,Nblocks_day_LIG_unbt_wei,Nblocks_day_MOD_unbt_wei,Nblocks_day_VIG_unbt_wei,Nblocks_day_MVPA_bts_10_wei,Nblocks_day_MVPA_bts_5_10_wei,Nblocks_day_MVPA_bts_1_5_wei,Nblocks_day_IN_bts_30_wei,Nblocks_day_IN_bts_20_30_wei,Nblocks_day_IN_bts_10_20_wei,Nblocks_day_LIG_bts_10_wei,Nblocks_day_LIG_bts_5_10_wei,Nblocks_day_LIG_bts_1_5_wei,Nblocks_day_total_IN_wei,Nblocks_day_total_LIG_wei,Nblocks_day_total_MOD_wei,Nblocks_day_total_VIG_wei
Lup001 back pre.cwa.RData,Lup001,Wednesday,2022-07-20,4,3,1,0,0,3,1,0,0,0,0,0,4,07:16:00-03:04:55,28.259,30.143,11.479,27.235,13.136,76.021,37,0.021,0,0,22.875,8.167,2.729,0,0,6.438,6.188,1254.854,17.396,0,0,0,4.979,1270.604,37.146,15.875,0,1323.625,113.042,1436.667,0,0.714,0,1.849,3.682,63.8,,,12.151,66.907,111.892,,,121.101,119.022,8.352,15.148,,,,74.46,7.502,60.177,118.466,,10.566,1.989,1.675,1.811,9.787,38.527,65.826,4.209,18.177,642.775,921,24.866,9.282,0,1,3.75,4.5,0.75,0,0,0,3.75,1,0.75,0.25,0,0,31.75,49,13.75,0,0,1,3.75,4.5,0.75,0,0,0,3.75,226.75,254.5,36,0,0.9,0.8,0.8,30_20_10,10_5_1,10_5_1,3.1.2,28.294,30.186,12.229,30.7,14.103,72.401,41.127,0.02,0,0,22.464,8.004,2.667,0,0,6.738,6.095,1254.647,17.722,0,0,0,5.071,1270.671,36.73,16.008,0,1323.409,113.548,1436.956,0,0.68,0,1.849,4.436,63.8,,12.048,66.908,112.09,,,120.234,118.909,8.374,15.236,,,,74.244,7.543,60.199,118.623,,10.591,1.986,1.681,1.789,9.812,38.298,65.639,4.154,18.193,636.495,914.238,24.912,9.245,0,1.048,3.667,4.524,0.762,0,0,0,3.81,0.952,0.762,0.238,0,0,31.381,48.333,13.429,0,0,1.048,3.667,4.524,0.762,0,0,0,3.81,224.286,251.667,35.524,0
Lup002 back pre.cwa.RData,Lup002,Friday,2022-04-29,2,1,1,0,0,2,0,0,0,0,0,0,2,06:21:25-07:31:25,20.903,31.724,0,25.591,10.54,468.167,179.375,1.625,0.125,0,36.458,13.708,3.083,0,0,0,3.208,727.167,33.708,11.542,0,3.25,5.583,771.917,55.417,10.375,0,837.708,649.292,1487,1,0.708,0,1.947,1.753,53.924,108.575,,13.165,65.012,118.373,,,,118.388,8.525,15.154,13.184,,48.759,68.963,6.272,61.677,117.675,,11.28,1.929,0,5.451,7.225,43.75,68.203,1.211,15.405,610.3,966,20.608,10.524,0,0,3,9.5,3,2,0,0.5,5.5,8.5,18.5,12.5,1.5,0,59,79.5,20,0,0,0,3,9.5,3,2,0,0.5,5.5,289,320,52.5,0,0.9,0.8,0.8,30_20_10,10_5_1,10_5_1,3.1.2,21.372,31.639,0,30.369,11.983,413.81,200.393,1.643,0.143,0,41.619,13.476,3.726,0,0,0,4.048,761.488,38.155,11.845,0,1.857,4.69,812.881,55.774,12.25,0,880.905,615.988,1496.893,0.571,0.66,0,2.089,1.441,54.544,112.207,11.953,67.394,114.667,,,,117.469,8.912,14.674,13.839,,48.759,71.649,6.498,62.914,115.954,,11.563,1.945,0,5.451,7.628,44.886,72.747,1.35,15.991,605.714,963.857,20.643,8.881,0,0,3.857,10.143,3.857,2.429,0,0.286,4.429,7.857,18.714,13.143,1.714,0,50.857,78.429,23,0,0,0,3.857,10.143,3.857,2.429,0,0.286,4.429,300.143,338.429,61.286,0
Lup003 back pre (1).cwa.RData,Lup003,Sunday,2023-01-22,3,2,1,0,0,3,0,0,0,0,0,0,3,08:58:15-05:45:00,23.646,31.315,0,0,0,397.111,59.361,3.361,0.278,0,91.722,29.556,8.25,0,0,3.306,11.361,745.889,62.361,31.806,0,0,3.389,891.694,70.944,25,0,987.639,460.111,1447.75,1,0.865,0,3.41,5.623,54.751,164.14,,13.405,62.055,119.379,,,133.055,150.138,13.09,15.15,14.422,,,68.458,11.028,59.513,148.46,,17.634,4.108,2.55,6.784,13.412,59.804,91.035,3.124,23.241,346,736.667,24.63,9.741,0,0.667,7.667,9,3,2.667,0,0,2.667,15.333,36,26.333,0.333,0,176,207.667,49.667,0,0,0.667,7.667,9,3,2.667,0,0,2.667,485.333,513.333,80,0,0.9,0.8,0.8,30_20_10,10_5_1,10_5_1,3.1.2,23.649,31.426,0,0,0,403.679,59.167,3.512,0.298,0,91.077,29.333,8.798,0,0,3.542,11.833,753.327,62.006,32.363,0,0,3.167,899.089,70.042,26.315,0,995.446,466.655,1462.101,1,0.868,0,3.419,5.745,54.851,164.14,13.211,62.538,120.311,,,133.055,147.947,12.998,15.196,14.353,,,69.439,10.959,59.759,146.612,,17.65,4.147,2.561,6.9,13.419,60.554,93.087,3.094,23.488,343.8,736,24.641,9.784,0,0.714,7.929,8.929,3,2.714,0,0,2.5,15.714,37.357,27.5,0.357,0,173.571,206.857,52.714,0,0,0.714,7.929,8.929,3,2.714,0,0,2.5,477.643,507.571,84.143,0
Lup004 pre back.cwa.RData,Lup004,Friday,2022-05-27,4,2,2,0,0,3,1,0,0,0,0,0,4,09:56:45-08:28:50,24.911,31.507,5.622,25,9.228,292.833,101.979,0.917,0,0,18.062,5.333,2.854,0,19.292,8.562,3.146,890.021,0,7.25,8.396,0,0.771,888.458,41.938,33.292,0,963.687,395.729,1359.417,1.75,0.652,0,9.833,8.402,51.174,,,15.219,66.243,127.057,,145.4,152.084,148.711,8.131,,15.498,67.654,,70.424,6.683,59.959,141.28,,14.49,9.553,4.85,10.109,12.868,65.826,107.502,4.818,26.143,616.875,869.75,22.6,13.1,1.25,1.25,1.75,4.5,0,0.5,0.25,0,0.75,10,13.5,4.75,0,0,25.5,39,13,0,1.25,1.25,1.75,4.5,0,0.5,0.25,0,0.75,272,290.75,40,0,0.9,0.8,0.8,30_20_10,10_5_1,10_5_1,3.1.2,24.685,31.087,5.013,35.714,10.947,261.565,121.506,1.042,0,0,24.179,7.208,3.881,0,19.649,12.232,4.494,845.833,0,10.357,11.994,0,1.101,855.226,46.393,39.31,0,940.929,384.113,1325.042,1.429,0.561,0,7.039,8.841,51.077,,15.419,66.927,126.746,,143.046,152.084,148.711,7.972,,15.498,67.654,,70.424,6.655,61.183,145.277,,15.835,8.579,4.486,8.856,13.445,76.636,113.887,4.714,28.784,660.407,911.214,20.753,12.182,1.357,1.786,2.5,4.714,0,0.714,0.357,0,1.071,8.929,12.643,4.429,0,0,34.929,52.714,17.929,0,1.357,1.786,2.5,4.714,0,0.714,0.357,0,1.071,268.786,295.143,51.786,0
Lup005 back pre.cwa.RData,Lup005,Thursday,2022-07-14,4,2,2,0,0,3,1,0,0,0,0,0,4,07:17:05-07:05:10,23.642,31.685,2.946,26.004,9.382,344.5,135.812,2.208,0.063,0,117.062,37.438,10.979,0.479,0,5.688,7.792,701.333,22.208,41.771,0,3.104,6.042,835.104,89.667,28.542,0.583,953.896,482.583,1436.479,1.75,0.666,0,3.055,4.645,54.194,129.675,,13.019,63.491,131.385,496.687,,132.775,149.685,10.588,17.481,15.994,,61.82,65.507,8.137,62.047,139.156,488.78,17.506,3.655,2.225,4.87,12.832,67.501,97.477,3.287,25.829,857.5,980,25.411,10.036,0,1,5,12.5,1,3.75,0,0.5,4.25,11.5,26.25,16.5,0.75,0,212,254.25,72,3.75,0,1,4.75,12.5,1,3.75,0,0.5,4.25,563.5,614,131,4.25,0.9,0.8,0.8,30_20_10,10_5_1,10_5_1,3.1.2,23.81,31.544,1.683,15.721,5.586,365.857,96.214,1.905,0.071,0,110.482,35.161,8.899,0.274,0,5.5,9.006,733.119,27.065,40.315,0,3.292,5.167,861.756,87.792,28.399,0.333,978.28,464.048,1442.327,1.429,0.766,0,3.055,4.505,53.769,138.279,12.977,63.114,127.06,496.687,,135.477,150.013,10.643,17.231,16.628,,60.689,62.838,8.095,61.692,139.507,488.78,16.885,3.532,2.171,4.836,12.628,66.044,96.353,3.232,24.596,835.236,979.786,25.707,10.064,0,1,5.857,13.571,1.214,3.643,0,0.5,3.714,11.929,24,13.929,0.857,0,195.714,237.643,61.714,2.143,0,1,5.5,13.571,1.214,3.643,0,0.5,3.714,550.429,602.429,126.929,2.429
Lup006 pre back(2).cwa.RData,Lup006,Wednesday,2022-06-15,4,3,1,0,0,4,0,0,0,0,0,0,4,08:04:10-08:37:00,25.789,32.5,0.343,0.448,0.512,365.229,37.083,0.312,0,0,0,0.375,0,0,0,0,0,1077.229,0,0,0,0,0,1048.062,29.375,0.167,0,1077.604,402.625,1480.229,0.75,0.945,0,4.08,4.064,58.192,,,,59.271,,,,,,5.868,,,,,,4.503,55.461,104.558,,5.887,4.144,3.575,3.559,5.466,25.275,39.025,3.199,8.56,693.85,980.75,26.163,10.412,0,0,0,3.75,0,0,0,0,0,9.5,9.75,3.5,0,0,0,2.75,0,0,0,0,0,3.75,0,0,0,0,0,252.25,250.5,2,0,0.9,0.8,0.8,30_20_10,10_5_1,10_5_1,3.1.2,25.552,32.607,0.326,0.512,0.532,381.909,41.04,0.341,0,0,0,0.373,0,0,0,0,0,1063.234,0,0,0,0,0,1034.647,28.802,0.159,0,1063.607,423.29,1486.897,0.857,0.94,0,4.058,4.07,58.341,,,58.932,,,,,,5.825,,,,,,4.47,55.527,104.558,,5.844,4.124,3.529,3.58,5.412,24.838,38.638,3.201,8.463,693.038,980.762,26.317,10.452,0,0,0,3.762,0,0,0,0,0,10.095,10.571,3.81,0,0,0,2.762,0,0,0,0,0,3.762,0,0,0,0,0,247.143,245.429,1.905,0
Lup007 back pre.cwa.RData,Lup007,Friday,2022-07-08,4,2,2,1,0,3,1,0,0,0,0,0,4,04:39:40-08:18:50,25.28,32.693,6.627,29.013,9.131,327.542,114.688,2.563,0,0,9.771,7.167,3.312,0,0,1.333,4.604,953.792,5.854,2.646,0,1.896,5.083,936.5,47.229,11.729,0,995.458,444.792,1440.25,2,0.645,0,3.077,3.192,52.525,,,15.944,75.112,111.788,,,111.147,112.261,7.571,13.14,10.574,,78.389,81.686,5.561,66.172,115.318,,9.626,3.028,1.925,3.707,7.871,40.976,64.403,2.708,14.029,510.05,957.25,24.314,14.772,0,0.25,4,7.75,0.25,0.25,0,0.25,3.25,8.75,24.75,16.75,0,0,20.25,41.75,18.5,0,0,0.25,3.75,7.75,0.25,0.25,0,0.25,3.25,229,262,46,0,0.9,0.8,0.8,30_20_10,10_5_1,10_5_1,3.1.2,25.478,31.752,6.315,41.448,11.149,251.774,123.179,1.482,0,0,13.012,8.488,3.75,0,0,1.905,5.506,1051.577,8.363,3.78,0,2.708,6.423,1035.464,55.649,14.399,0,1105.512,376.435,1481.946,1.143,0.541,0,3.261,3.079,50.586,,14.395,73.557,111.885,,,111.147,113.279,8.011,13.14,10.574,,78.389,81.171,5.848,66.466,115.744,,10.236,2.941,2.021,3.134,8.62,48.294,73.638,2.748,15.356,574.764,962.929,24.303,12.85,0,0.357,4.857,8.714,0.357,0.357,0,0.357,4,6.286,15.643,9.786,0,0,25.071,48.286,19.786,0,0,0.357,4.5,8.714,0.357,0.357,0,0.357,4,264.357,303.143,54.143,0
Lup008 back pre.cwa.RData,Lup008,Friday,2022-07-15,4,2,2,0,0,3,1,0,0,0,0,0,4,05:58:25-07:13:40,22.609,28.581,0,4.734,1.496,317.812,40.312,0.167,0,0,71.917,21.021,12.396,0.083,31.833,18.625,21.583,729.875,37.438,43.625,0,2.208,1.479,852.354,51.458,84.604,3.667,992.083,358.292,1350.375,0.5,0.914,0,2.968,2.911,53.778,,,10.174,64.481,165.262,417.033,222.187,191.096,209.035,9.545,11.945,14.472,,81.528,77.196,6.045,65.223,214.474,458.131,29.271,3.048,0.8,6.362,21.936,166.862,252.054,4.351,50.736,455.775,862.25,20.616,13.033,2.25,3,19.25,9,2.5,3.5,0,0.25,1.5,8,8.5,1.75,0,0,135.5,164.5,67.25,0.75,2.25,3,16.5,9,2.5,3.5,0,0.25,1.5,365.25,402.75,205.25,9,0.9,0.8,0.8,30_20_10,10_5_1,10_5_1,3.1.2,22.95,28.166,0,4.019,1.279,279.946,32.821,0.202,0,0,69.381,20.619,14.119,0.119,27.012,14.554,24.101,768.643,33.482,37.054,0,3.155,2.113,879.274,51.083,81.524,2.47,1014.351,312.97,1327.321,0.286,0.931,0,3.562,2.828,62.381,,10.23,65.008,170.13,417.033,234.061,177,210.502,9.387,14.318,15.34,,81.528,77.196,6.31,65.632,213.927,440.361,27.549,3.636,0.971,7.962,21.588,158.657,244.211,5.521,45.823,458.979,846.071,20.104,13.342,1.929,2.357,20.857,9,2.286,2.857,0,0.357,2.143,7.786,8.714,2.071,0,0,127.571,159.143,73.357,1.071,1.929,2.357,18.429,9,2.286,2.857,0,0.357,2.143,345,389.143,208.357,8.357
Lup009 back pre.cwa.RData,Lup009,Thursday,2022-09-01,3,2,1,0,0,2,1,0,0,0,0,0,3,07:10:45-05:43:10,22.531,28.274,8.802,33.333,12.618,243.194,100.667,0.694,0,0,11.472,6.833,2.444,0,0,0,4.417,966.444,13.833,14.306,0,0,4.528,962.528,48.556,13.194,0,1024.278,344.556,1368.833,0.667,0.623,0,1.729,3.096,60.884,,,14.007,67.332,122.126,,,,132.876,9.356,16.429,10.376,,,73.29,6.749,61.402,132.331,,11.15,2.077,1.433,2.998,8.784,41.802,66.667,3.55,15.554,635.367,968,22.904,11.571,0,0,3,10.333,0.667,1.333,0,0,3,6.667,11.667,6,0,0,16.333,35.333,12,0,0,0,3,10.333,0.667,1.333,0,0,3,309.333,337,62,0,0.9,0.8,0.8,30_20_10,10_5_1,10_5_1,3.1.2,22.447,28.32,7.682,28.571,10.895,260.565,91.06,0.744,0,0,11.405,7.006,2.554,0,0,0,4.56,951.256,14.821,14.5,0,0,4.673,948.524,48.685,13.565,0,1010.774,352.369,1363.143,0.714,0.668,0,1.729,3.166,60.884,,14.173,67.539,122.754,,,,132.412,9.372,16.429,10.138,,,73.285,6.729,61.611,131.944,,11.241,2.074,1.407,3.095,8.797,42.066,67.486,3.572,15.637,632.657,968.857,22.946,11.78,0,0,3.071,10.571,0.714,1.357,0,0,3.071,7.143,12.429,6.429,0,0,16.429,35.929,12.429,0,0,0,3.071,10.571,0.714,1.357,0,0,3.071,308.571,336.786,63.857,0
Lup010 back pre.cwa.RData,Lup010,Sunday,2022-08-07,4,3,1,0,0,4,0,0,0,0,0,0,4,07:53:10-06:05:45,23.189,29.802,0.355,0,0.259,345.604,45.833,5.396,0,0,64.125,25.083,7.313,0,35.271,4.958,10.958,803.583,36.646,0,0,7.188,10.021,866.271,81.667,57.125,0.083,1005.146,396.833,1401.979,2.25,0.876,0,14.002,16.493,42.88,,,18.194,62.657,124.763,,146.222,154.329,149.976,17.423,21.235,,,45.147,65.852,15.068,60.352,155.665,469.625,26.692,14.652,12.1,14.665,23.372,93.213,152.236,10.206,41.172,597.425,942.5,21.644,6.894,2.75,1,8.5,11.25,1.5,0,0,1.25,7.5,17.25,24.25,13,0,0,139.75,169.75,37.5,0,2.75,1,8.25,11.25,1.5,0,0,1.25,7.5,430.25,494,120,0.75,0.9,0.8,0.8,30_20_10,10_5_1,10_5_1,3.1.2,23.141,29.816,0.338,0,0.246,347.897,47.163,5.488,0,0,63.397,24.69,7.119,0,35.294,4.722,10.913,799.107,35.877,0,0,7.111,9.901,860.27,81.317,56.464,0.079,998.131,400.548,1398.679,2.286,0.874,0,14.083,16.466,42.912,,18.101,62.585,124.67,,146.549,154.329,150.552,17.351,20.745,,,45.065,65.859,15.012,60.286,156.238,469.625,26.638,14.724,12.119,14.721,23.316,92.227,152.202,10.259,41.075,596.533,943.429,21.672,6.942,2.714,0.952,8.476,11.429,1.476,0,0,1.238,7.381,17.381,24.714,13.476,0,0,137.571,166.857,36.429,0,2.714,0.952,8.238,11.429,1.476,0,0,1.238,7.381,430.81,492.905,117.571,0.714
Lup011 back pre.cwa.RData,Lup011,Saturday,2022-08-27,4,2,2,1,0,4,0,0,0,0,0,0,4,10:57:45-11:20:30,25.682,34.102,4.497,4.759,4.9,448.729,54.792,1.625,0.021,0,12.938,5.667,2.292,0,0,0,2.5,864.042,23.625,9.917,0,0,1.354,877.146,38.667,6.521,0,922.333,505.167,1427.5,1.25,0.865,0,2.238,4.127,52.808,225,,12.617,72.633,118.105,,,,114.3,7.889,15.297,13.616,,,78.812,6.099,60.258,115.933,,9.247,2.628,1.325,4.749,6.762,32.65,52.727,1.79,13.665,657.6,934.5,25.602,13.435,0,0,2.25,7.25,1,0.75,0,0,1.25,13,23.5,12,0.25,0,17.5,33.75,12.5,0,0,0,2.25,7.25,1,0.75,0,0,1.25,241.25,262.5,32.75,0,0.9,0.8,0.8,30_20_10,10_5_1,10_5_1,3.1.2,24.774,33.427,4.216,6.798,5.263,461.256,56.399,1.446,0.03,0,16.321,6.899,2.631,0,0,0,2.143,816.613,28.821,14.167,0,0,1.935,841.851,41.22,6.458,0,889.53,519.131,1408.661,1.143,0.866,0,2.16,3.697,52.387,225,12.881,74.055,118.216,,,,116.643,8.186,15.411,13.616,,,78.812,6.428,60.593,116.958,,9.796,2.493,1.314,4.552,7.032,34.171,53.98,1.8,14.323,689.143,950.143,24.973,12.556,0,0,1.929,7.357,1.214,1.071,0,0,1.786,12.357,21.786,10.714,0.357,0,22,40.286,15.5,0,0,0,1.929,7.357,1.214,1.071,0,0,1.786,250.786,273.214,35.429,0
Lup012 back pre.cwa.RData,Lup012,Sunday,2022-08-28,3,2,1,0,0,3,0,0,0,0,0,0,3,10:25:45-08:35:20,25.67,33.009,1.07,0.991,1.082,414.139,25.583,0.583,0,0,79.056,35.111,7.5,0.056,5.556,0,11.667,739.389,45.861,53.639,0,0,10.444,876.472,85.389,26.361,0.056,988.278,440.306,1428.583,0,0.942,0,2.166,3.983,47.223,,,16.642,63.676,133.413,498,123.346,,152.825,10.046,15.372,14.115,,,66.315,8.172,62.666,136.42,498,16.204,2.324,1.667,3.007,11.979,64.367,97.138,1.85,25.54,652.1,973.333,27.255,13.921,0.333,0,9.333,9.333,2.333,5,0,0,9.667,9.333,13,5,0,0,182,212,43,0.333,0.333,0,9,9.333,2.333,5,0,0,9.667,482,521,85.667,0.333,0.9,0.8,0.8,30_20_10,10_5_1,10_5_1,3.1.2,25.647,33.039,0.917,1.061,0.998,416.899,25.994,0.619,0,0,81.655,35.839,7.631,0.06,5.952,0,12.435,733.577,49.137,55.464,0,0,10.387,877.893,86.625,27.56,0.06,992.137,443.512,1435.649,0,0.941,0,2.222,4.121,47.639,,16.538,63.704,133.537,498,123.346,,150.726,10.118,15.372,14.034,,,66.393,8.231,62.661,136.658,498,16.456,2.387,1.707,3.089,12.168,65.421,98.919,1.891,25.558,645.743,973.571,27.266,13.921,0.357,0,9.929,9.214,2.5,5.071,0,0,9.786,9.286,13.286,5.286,0,0,186.286,216.571,43.214,0.357,0.357,0,9.571,9.214,2.5,5.071,0,0,9.786,489.357,529.143,87,0.357
Lup013 back Pre.cwa.RData,Lup013,Wednesday,2022-10-12,4,3,1,0,0,3,1,0,0,0,0,0,4,10:55:50-07:30:15,26.826,29.692,8.858,27.082,11.728,394.021,136.333,1.583,0.021,0,73.688,31.021,6.083,0,2.458,0,5.333,686.958,24.896,32.562,0,1.25,5.708,790.667,62.75,16.542,0,869.958,531.958,1401.917,1.75,0.679,0,4.171,7.11,55.718,101.6,,14.62,62.841,117.657,,155.379,,137.896,7.583,15.765,15.142,,61.94,64.993,6.546,63.881,125.226,,12.934,4.948,2.8,5.833,9.384,47.527,71.7,2.77,20.668,328.35,671.75,27.327,15.369,0.25,0,2.75,7,1.25,2.75,0,0.25,5.75,9.25,17.5,9.5,0.25,0,174.25,203,38.75,0,0.25,0,2.75,7,1.25,2.75,0,0.25,5.75,350,392,73.75,0,0.9,0.8,0.8,30_20_10,10_5_1,10_5_1,3.1.2,26.783,29.821,9.02,30.554,12.879,375.258,148.369,1.508,0.02,0,75.198,31.726,6.282,0,2.341,0,5.079,692.516,25.123,33.016,0,1.429,6.06,797.698,64.579,16.492,0,878.77,525.155,1403.925,1.667,0.646,0,4.171,7.053,55.718,101.6,14.666,62.854,117.761,,155.379,,137.896,7.629,15.469,15.217,,61.94,65.536,6.565,63.778,125.84,,12.975,4.994,2.919,5.738,9.493,48.198,72.176,2.862,20.815,324.2,664.476,27.319,15.43,0.238,0,2.619,7.095,1.286,2.81,0,0.286,6.095,8.81,16.714,9.048,0.238,0,178.238,207.714,40.143,0,0.238,0,2.619,7.095,1.286,2.81,0,0.286,6.095,359,402,75.571,0
Lup014 back pre.cwa.RData,Lup014,Wednesday,2022-10-26,4,3,1,0,0,4,0,0,0,0,0,0,4,06:14:50-05:24:45,22.057,29.692,0.689,5.107,2.196,417.438,54.146,1.521,0.021,0,27.604,14.854,5.75,0,4.875,7.146,6.729,861.667,5.125,33.021,4.729,11.312,10.271,882.979,79.042,31.042,0.021,993.083,473.125,1466.208,0.25,0.888,0,2.039,3.248,62.533,120.1,,16.355,70.298,116.443,,139.287,113.934,121.656,10.829,12.208,14.323,66.277,71.463,73.892,7.763,67.123,125.444,423.2,16.381,2.306,0.675,4.87,11.797,72.453,100.602,1.269,24.035,408.475,808.75,24.13,9.714,0.5,1.5,5,11,0.25,2.5,0.5,2.5,9.5,12.25,19.5,13,0.25,0,56,84.5,32.25,0,0.5,1.5,5,11,0.25,2.5,0.5,2.5,9.5,339.5,413.25,115.75,0.25,0.9,0.8,0.8,30_20_10,10_5_1,10_5_1,3.1.2,22.106,29.754,0.787,5.399,2.355,418.96,55.536,1.496,0.02,0,27.317,14.571,5.663,0,4.643,7.028,6.758,869.468,4.881,31.448,4.504,11.234,10.139,888.992,78.083,30.56,0.02,997.655,476.012,1473.667,0.238,0.885,0,2.07,3.175,62.098,120.1,16.232,70.334,116.361,,139.287,114.027,121.307,10.722,12.208,14.323,66.277,71.945,73.686,7.698,67.082,125.129,423.2,16.164,2.321,0.695,4.83,11.654,71.522,100.082,1.299,24.048,410.976,813.238,24.161,9.788,0.476,1.476,5,10.905,0.238,2.381,0.476,2.476,9.238,12.286,19.238,12.81,0.238,0,54.571,82.762,31.524,0,0.476,1.476,5,10.905,0.238,2.381,0.476,2.476,9.238,335.857,408.714,113.81,0.238
Lup015 back pre.cwa.RData,Lup015,Thursday,2022-11-03,4,2,2,0,0,4,0,0,0,0,0,0,4,06:30:00-06:30:00,23.044,29.878,0,1.965,0.528,359.5,49.792,0.729,0,0,85.208,32.667,12.167,0.229,5.292,0,3.771,755.542,43.229,25.458,0,0,5.375,871.229,70.188,27.292,0.229,968.938,410.021,1378.958,1.5,0.884,0,2.67,4.175,51.905,,,15.454,61.253,147.059,535.655,152.492,,147.252,9.148,13.397,16.047,,,61.329,7.096,61.348,144.742,535.655,15.18,2.872,1.3,4.014,11.709,59.852,99.004,2.565,25.041,282.575,723.25,23.354,13.229,0.25,0,2.75,8.75,2.25,2.25,0,0,4.25,11.25,15.25,6,0,0,174.75,228.5,95,1.5,0.25,0,2.75,8.75,2.25,2.25,0,0,4.25,417.25,483,148.25,1.5,0.9,0.8,0.8,30_20_10,10_5_1,10_5_1,3.1.2,22.947,30.348,0,1.123,0.302,384.911,58.149,1.006,0,0,74.494,29.292,9.988,0.131,3.024,0,4.226,794.31,39.327,14.548,0,0,3.893,884.256,64.857,23.988,0.131,973.232,444.065,1417.298,2.143,0.871,0,2.805,4.462,52.323,,17.23,60.551,145.768,535.655,152.492,,149.685,8.68,13.211,16.047,,,59.248,6.549,61.284,144.416,535.655,13.798,3.068,1.214,4.487,10.588,55.438,90.711,2.76,22.42,289.079,682.643,23.917,13.345,0.143,0,2.857,9.071,1.929,1.286,0,0,2.857,12.429,18.571,8.143,0,0,162.643,205.143,77.643,0.857,0.143,0,2.857,9.071,1.929,1.286,0,0,2.857,396.571,452.571,134,0.857
Lup016 back pre.cwa.RData,Lup016,Sunday,2023-01-08,4,3,1,0,0,3,1,0,0,0,0,0,4,06:47:25-06:29:50,20.753,28.934,0.436,4.44,2.119,419.896,69.062,1.896,0,0,22.167,8.271,1.458,0,15.542,1.875,3.479,758.917,26.021,2.75,0,0,3.042,778.833,42.667,22.021,0,843.521,490.854,1334.375,1.75,0.859,0,2.38,6.645,50.172,,,14.249,64.989,113.42,,121.134,110.93,130.708,8.585,13.367,14.331,,,65.085,7.036,58.661,124.339,,12.661,3.147,1.125,5.613,9.299,43.902,83.38,2.044,21.768,293.775,621,20.153,8.986,1,0.25,1.5,7,1.25,0.25,0,0,2.75,11,23.75,13.75,0,0,35.5,46.25,6.75,0,1,0.25,1.5,7,1.25,0.25,0,0,2.75,276.5,293.75,25.5,0,0.9,0.8,0.8,30_20_10,10_5_1,10_5_1,3.1.2,20.731,29.009,0.415,4.812,2.269,423.19,71.54,1.905,0,0,22.27,8.242,1.393,0,16.278,1.786,3.313,758.302,24.782,2.619,0,0,2.952,776.802,42.778,22.357,0,841.937,496.635,1338.571,1.81,0.856,0,2.331,6.569,50.153,,14.267,64.725,112.815,,121.024,110.93,130.708,8.646,13.367,14.331,,,64.631,7.074,58.606,124.454,,12.765,3.103,1.081,5.584,9.305,44.131,83.943,1.992,21.897,291.386,624.524,20.318,9.08,1,0.238,1.429,7.048,1.19,0.238,0,0,2.667,11.238,24.095,13.857,0,0,36.095,46.571,6.476,0,1,0.238,1.429,7.048,1.19,0.238,0,0,2.667,278.952,296,25.333,0
Lup017 back pre.cwa.RData,Lup017,Sunday,2023-03-12,4,3,1,0,0,4,0,0,0,0,0,0,4,07:52:15-09:54:10,24.155,32.118,0,1.762,0.579,436.104,40.458,1.042,0.146,0,44.312,12.979,2.125,0,24.646,8.833,6.062,830.125,7,11.917,0,0,2.354,861.021,47.438,39.375,2.521,950.354,477.75,1428.104,0,0.915,0,1.831,2.854,57.244,115.008,,16.395,60.197,120.898,,171.079,195.655,145.69,7.789,2.794,20.309,,,66.961,6.309,58.693,153.818,548.825,17.146,2.096,0.575,4.968,11.959,82.476,115.803,1.357,35.606,277.125,562.25,24.941,13.316,0.75,1.5,3.25,7.5,0.25,1.25,0,0,1.75,14.25,16.75,9.75,1.75,0,74,88,13,0,0.75,1.5,3.25,7.5,0.25,1.25,0,0,1.75,327.5,347,46,1.75,0.9,0.8,0.8,30_20_10,10_5_1,10_5_1,3.1.2,24.156,32.203,0,1.678,0.551,439.579,41.952,1.127,0.143,0,43.714,12.77,2.028,0,27.675,8.726,6,830.508,6.667,11.349,0,0,2.242,859.972,47.214,41.77,2.722,951.679,482.802,1434.48,0,0.913,0,1.855,2.968,57.217,115.409,16.298,60.019,120.298,,153.701,195.802,147.332,7.8,2.794,20.309,,,66.961,6.313,58.582,155.615,560.298,17.716,2.137,0.605,5.016,12.31,87.43,120.26,1.378,37.557,289.367,580.571,24.914,13.152,0.81,1.476,3.19,7.619,0.238,1.19,0,0,1.667,14.429,17.714,10.476,1.714,0,72.857,86.762,12.429,0,0.81,1.476,3.19,7.619,0.238,1.19,0,0,1.667,326.81,345.714,44.952,1.857
Lup018 back pre.cwa.RData,Lup018,Friday,2022-12-09,3,2,1,0,0,3,0,0,0,0,0,0,3,07:38:40-08:55:15,25.586,32.458,4.438,4.713,4.889,370.472,41.75,0.083,0,0,47.278,19.861,7.5,0.028,21.056,9.139,14.306,894.361,8.806,28.472,0,0,5.556,944.139,61.25,49.472,1.5,1056.361,412.306,1468.667,0,0.894,0,3.447,2.277,63.733,,,18.622,63.704,136.587,410.7,166.983,146.242,158.015,13.369,14.099,20.256,,,68.922,11.74,60.567,150.603,472.441,22.28,3.359,0.767,4.567,16.927,78.704,116.472,1.88,42.358,320.833,632.333,25.925,13.591,2,1.333,10.667,7.667,0.333,2.333,0,0,4.333,7.667,6.667,0.667,0,0,86.333,122.333,31.667,0.333,2,1.333,10.667,7.667,0.333,2.333,0,0,4.333,327,403.333,115.333,7.667,0.9,0.8,0.8,30_20_10,10_5_1,10_5_1,3.1.2,25.301,32.305,3.804,5.05,4.473,377.929,42.238,0.089,0,0,46.179,19.732,7.821,0.03,22.56,9.333,15.173,876.964,9.435,30.506,0,0,5.554,927.804,61.744,52.131,1.607,1043.286,420.256,1463.542,0,0.895,0,3.593,2.343,63.733,,18.355,64.289,137.155,410.7,166.983,153.539,157.519,13.467,14.099,20.256,,,71.549,11.756,60.934,151.679,472.441,22.824,3.499,0.779,4.715,17.273,81.333,120.649,1.906,43.594,311.179,621.5,25.687,13.722,2.143,1.357,11.286,7.786,0.357,2.5,0,0,4.357,7.929,6.929,0.714,0,0,83.357,121.286,33.071,0.357,2.143,1.357,11.286,7.786,0.357,2.5,0,0,4.357,323.786,404.786,121.643,8.214
Lup019 back pre.cwa.RData,Lup019,Friday,2023-01-13,5,3,2,0,0,4,1,0,0,0,0,0,5,06:27:20-09:07:25,24.346,30.781,5.718,22.388,9.6,284.4,93.6,8.1,0,0,96.45,21.05,3.033,0,28.55,6.517,7.55,471.583,69.4,81.167,217.65,26.933,26.483,693.6,317.05,45.633,0.083,1056.367,386.1,1442.467,0,0.738,0,27.053,10.655,54.195,,,16.006,56.153,129.673,,131.356,137.947,143.544,14.804,15.943,15.06,50.483,49.307,50.714,12.773,51.959,139.689,609.24,29.904,25.735,24.2,16.926,28.58,86.262,100.001,18.42,44.715,204.78,311.8,22.139,14.539,1.2,1,3.8,10,3,7,8.4,4.2,18.6,7.8,9.4,6.4,0,0,129.6,126.4,18.2,0,1.2,1,3.8,10,3,7,8.4,4.2,18.6,444.8,468.4,64.6,0.2,0.9,0.8,0.8,30_20_10,10_5_1,10_5_1,3.1.2,24.394,30.649,6.807,26.652,11.428,259.881,106.508,8.913,0,0,94.044,19.56,2.897,0,33.988,7.758,8.179,480.71,69.302,82.437,227.012,29.579,25.98,702.286,327.099,51.96,0.099,1081.444,375.302,1456.746,0,0.701,0,27.753,13.624,55.422,,15.369,56.307,130.39,,131.356,137.947,146.969,14.611,15.175,14.759,50.419,49.35,50.979,12.58,51.834,140.5,609.24,30.548,25.992,24.41,16.429,29.089,91.569,105.23,18.448,46.601,208.129,331.381,20.783,13.767,1.429,1.19,4.048,10.095,3,6.905,8.381,4.619,17.667,7,9,6.286,0,0,120.476,118.19,17.476,0,1.429,1.19,4.048,10.095,3,6.905,8.381,4.619,17.667,430.095,455.143,64.714,0.238
Lup020 back pre.cwa.RData,Lup020,Friday,2023-01-27,5,3,2,3,0,5,0,0,0,0,0,0,5,11:29:35-12:12:45,26.479,33.073,0,0.532,0.202,317.133,72.617,5.817,0.083,0,38.333,13.483,1.3,0,3,7.433,5.6,812.833,35.267,24.733,28.317,8.35,8.75,885.35,85.033,17.017,0,987.4,395.65,1383.05,4.8,0.846,0,13.937,11.12,53.124,117.4,,24.617,55.951,117.964,,123.102,139.67,137.452,20.41,19.146,23.957,45.533,44.887,47.486,19.619,50.177,138.019,,24.258,13.859,7.78,14.569,21.443,48.882,66.78,12.443,31.669,239.56,478.4,26.755,12.955,0.2,1.2,2.8,6.6,1.4,2.4,1.8,1.4,5.4,19.4,28.4,19.2,1,0,71.2,78.2,6,0,0.2,1.2,2.8,6.6,1.4,2.4,1.8,1.4,5.4,277.2,285.4,21,0,0.9,0.8,0.8,30_20_10,10_5_1,10_5_1,3.1.2,26.62,33.457,0,0.634,0.241,328.294,75.21,6.679,0.091,0,44.111,15.226,1.5,0,3.571,7.579,6.365,835.452,36.865,28.27,30.115,9.321,9.56,917.758,91.468,18.71,0,1027.937,410.274,1438.21,5.143,0.844,0,14.426,11.121,53.461,117.664,24.886,56.171,117.596,,123.102,140.233,137.45,20.434,19.249,24.082,45.374,45.109,47.664,19.714,50.109,138.403,,24.47,14.359,9.043,14.661,21.698,50.355,70.253,12.567,32.367,244.81,529.143,26.979,12.392,0.238,1.238,3.143,6.905,1.476,2.762,1.857,1.571,5.857,19.952,29.619,20.571,1.095,0,80.667,88.524,6.667,0,0.238,1.238,3.143,6.905,1.476,2.762,1.857,1.571,5.857,298.952,308.238,22.429,0
Lup021 back pre.cwa.RData,Lup021,Sunday,2023-02-19,5,4,1,0,0,4,1,0,0,0,0,0,5,07:02:40-05:57:45,23.829,29.925,4.189,20.714,7.574,273.333,92.283,0.133,0.033,0,61.8,18.017,10.7,0.117,7.25,4.433,11.933,863.967,36.167,31.1,0,2.833,1.517,947.733,51.2,49.633,1.267,1049.833,365.783,1415.617,1,0.702,0,3.527,4.787,56.875,107.7,,11.681,64.714,158.104,464.19,279.6,246.915,217.928,9.096,17.085,17.089,,66.827,77.219,5.171,64.519,195.243,438.539,17.811,3.928,3,3.758,14.175,93.198,167.623,3.598,30.959,228.34,483.4,22.698,11.231,0.6,0.6,8.6,11.8,1.4,2.8,0,0.4,1,14.6,14.6,0.8,0.4,0,114.8,141.4,71.6,0.6,0.6,0.6,7.6,11.8,1.4,2.8,0,0.4,1,370.8,392.6,208.4,7,0.9,0.8,0.8,30_20_10,10_5_1,10_5_1,3.1.2,23.836,29.929,3.74,18.495,6.762,278.923,86.548,0.119,0.03,0,66.545,19.649,11.402,0.104,6.473,4.824,11.289,851.72,34.551,35.223,0,2.53,1.354,942.467,52.839,49.217,1.14,1045.664,365.619,1411.283,1,0.723,0,3.606,5.009,56.875,107.7,11.785,64.545,158.057,464.19,279.6,250.54,219.088,9.128,16.905,17.163,,66.827,77.219,5.31,64.412,192.414,434.527,17.789,4.082,3.129,3.904,14.195,91.711,163.496,3.673,30.306,240.85,515.393,22.396,10.997,0.536,0.643,8.214,11.5,1.357,3.143,0,0.357,0.893,15.286,15.179,0.714,0.357,0,129.714,156.571,77.857,0.536,0.536,0.643,7.321,11.5,1.357,3.143,0,0.357,0.893,389.143,410.643,214.786,6.357
Lup022 back pre.cwa.RData,Lup022,Friday,2023-02-10,4,2,2,0,0,4,0,0,0,0,0,0,4,07:13:30-08:19:40,23.233,30.314,1.278,0.666,1.182,402.812,21.833,0.188,0,0,29.25,13.438,5.562,0,0,7.458,13.042,891.271,11.771,33.562,0,2.333,8.167,936.063,50.792,27.208,1.792,1015.854,424.833,1440.688,0,0.95,0,1.236,3.035,51.056,,,14.628,67.682,122.016,,,155.494,164.286,7.891,7.615,15.77,,72.058,74.542,6.327,64.999,132.567,552.286,13.515,1.351,0.475,2.744,10.015,58.105,96.029,1.071,22.491,372.375,768.75,24.219,12.844,0,1.25,9.25,6.5,0.5,3,0,0.5,6.5,14.75,14.5,2.25,0,0,58.5,84.25,23,0,0,1.25,9.25,6.5,0.5,3,0,0.5,6.5,269.5,314,79.5,6.75,0.9,0.8,0.8,30_20_10,10_5_1,10_5_1,3.1.2,23.316,30.951,0.73,0.951,0.889,433.571,24.333,0.161,0,0,31,12.571,5.214,0,0,9.423,15.595,886.387,16.815,35.679,0,1.333,8.685,942.143,47.738,30.28,2.542,1022.702,458.065,1480.768,0,0.948,0,1.479,3.294,52.433,,14.456,67.93,125.034,,,157.997,186.248,7.468,7.615,14.97,,72.058,74.938,6.037,65.329,137.261,548.364,13.841,1.593,0.593,2.855,10.17,61.533,98.913,1.245,23.193,324.579,735.214,24.724,13.509,0,1.571,11.071,6.071,0.714,2.786,0,0.286,6.286,16.143,15.786,1.929,0,0,54.857,79.857,20.429,0,0,1.571,11.071,6.071,0.714,2.786,0,0.286,6.286,248.5,292.786,81,9.429
Lup023 back pre .cwa.RData,Lup023,Saturday,2023-02-25,4,2,2,0,0,4,0,0,0,0,0,0,4,09:14:55-07:37:20,21.957,30.279,3.422,1.894,3.626,442.667,54.521,1.229,0.875,0,16.104,7.625,3.75,0,98.271,5.667,12.729,666.188,32.771,6.292,0,0,1.896,707.625,34.458,109.208,0,851.292,499.292,1350.583,1,0.889,0,2.744,4.692,48.359,129.219,,19.095,68.654,132.621,,160.957,143.027,139.238,14.444,20.935,15.106,,,61.723,13.501,60.764,169.826,,35.773,3.228,0.3,6.199,23.806,165.101,186.776,4.209,63.682,544.95,883.25,23.477,12.186,4,1.25,7.25,4.25,1.5,0.5,0,0,1.5,13.25,19.25,9.75,1.75,0,22.25,45,16,0,4,1.25,7.25,4.25,1.5,0.5,0,0,1.5,190,260.5,116,0,0.9,0.8,0.8,30_20_10,10_5_1,10_5_1,3.1.2,22.544,29.7,3.118,1.082,3.106,386.274,41.798,0.792,0.5,0,20.97,9.357,4.161,0,96.226,7.185,15.56,697.143,42.494,8.988,0,0,1.583,754.643,36.94,112.083,0,903.667,429.363,1333.03,0.786,0.894,0,2.555,3.666,46.382,129.219,19.091,68.357,129.261,,158.602,138.341,138.651,14.509,20.215,15.106,,,71.112,13.58,61.774,165.86,,34.712,2.819,0.171,5.234,24.626,162.379,183.251,5.037,60.663,493.95,850.143,23.031,12.364,4.214,1.571,8.214,4.357,1.929,0.714,0,0,1.286,12.286,15.714,6.643,1,0,27.071,53.786,18.143,0,4.214,1.571,8.214,4.357,1.929,0.714,0,0,1.286,201.571,275.5,123.5,0
Lup024 back pre.cwa.RData,Lup024,Saturday,2023-02-18,5,3,2,0,0,5,0,0,0,0,0,0,5,10:11:25-09:51:15,26.961,34.006,4.084,1.367,3.293,390.517,30.7,1.5,0.017,0,2.733,0.967,0.35,0,0,5.85,2.217,1005.267,5.7,0,0,0,0.217,1000.7,13.5,9.1,0,1023.3,422.733,1446.033,0.8,0.924,0,3.143,7.3,64.288,107.1,,19.117,61.166,118.667,,,152.95,151.856,7.523,25.681,,,,64.238,6.876,60.306,140.36,,8.847,3.645,2.28,5.7,7.336,21.2,35.082,2.151,14.624,219.84,406.8,28.739,15.239,0,0.8,1.2,2.4,0.2,0,0,0,0.2,6.6,13.6,8.6,0.2,0,3.6,7,1.8,0,0,0.8,1.2,2.4,0.2,0,0,0,0.2,100.8,104,18.8,0,0.9,0.8,0.8,30_20_10,10_5_1,10_5_1,3.1.2,26.899,33.945,4.862,0.976,3.719,391.552,29.683,1.54,0.012,0,2.794,1.032,0.409,0,0,5.488,2.639,1001.5,6.786,0,0,0,0.258,997.77,13.865,9.27,0,1020.905,422.786,1443.69,0.857,0.926,0,3.385,7.242,64.025,107.1,19.389,61.144,119.986,,,150.213,151.856,7.576,25.681,,,,64.238,6.929,60.286,139.48,,8.936,3.861,2.495,5.831,7.456,21.905,35.63,2.144,14.971,220.067,412.095,28.828,14.995,0,0.762,1.429,2.571,0.238,0,0,0,0.238,6.524,13.524,8.619,0.143,0,3.81,7.571,2.048,0,0,0.762,1.429,2.571,0.238,0,0,0,0.238,104.095,108,19.81,0
Lup025 back pre.cwa.RData,Lup025,Thursday,2023-03-02,4,2,2,0,0,4,0,0,0,0,0,0,4,05:30:05-05:35:10,17.248,30.794,0,5.046,2.376,718.208,91.021,3.104,0.417,0,19.812,6.896,3.167,0,7.646,2.875,1.438,573.604,0,7.104,0,1.625,2.208,574.562,34.812,17,0,626.375,812.75,1439.125,2.25,0.88,0,2.842,4.263,60.272,120.656,,8.972,64.05,120.704,,112.787,117.419,122.834,7.366,,11.612,,73.963,83.168,4.845,63.41,123.369,,11.055,3.242,2.175,5.827,6.765,38.827,71.679,2.162,15.42,453.575,944,20.684,9.225,0.5,0.5,0.75,7.5,0,0.5,0,0.25,1.5,20,36.25,22.25,3.5,0,25.25,43,14.5,0,0.5,0.5,0.75,7.5,0,0.5,0,0.25,1.5,184.5,214.25,44.75,0,0.9,0.8,0.8,30_20_10,10_5_1,10_5_1,3.1.2,17.756,30.802,0,5.409,2.39,693.387,86.137,2.863,0.363,0,28.304,9.369,4.47,0,4.369,2.964,1.607,623.238,0,10.149,0,2.321,2.583,631.071,41.786,16.518,0,689.375,782.75,1472.125,1.929,0.882,0,3.016,4.257,60.182,121.588,8.972,65.197,119.748,,112.787,118.6,127.015,7.777,,11.612,,73.963,82.536,4.989,63.774,122.258,,11.372,3.374,2.229,5.834,7.1,41.945,73.619,2.301,15.971,509.729,958.357,19.874,9.541,0.286,0.5,0.857,9.214,0,0.714,0,0.357,1.714,19.571,34.643,21.286,2.857,0,36.071,59.929,20.5,0,0.286,0.5,0.857,9.214,0,0.714,0,0.357,1.714,225,261.5,55.143,0
Lup026 back pre.cwa.RData,Lup026,Friday,2023-03-17,4,2,2,0,0,4,0,0,0,0,0,0,4,07:16:30-08:00:00,17.68,31.583,0,2.975,1.244,731.083,96.167,6.854,0.104,0,0.042,0.771,0.062,0,6.875,1.104,2.375,564.021,6.958,0,0,0,0.771,566.104,6.708,10.167,0,582.979,834.208,1417.188,3.25,0.878,0,7.902,6.029,53.759,117.28,,16.45,71.821,118.3,,151.03,119.658,129.213,4.483,6.089,,,,56.815,4.013,53.859,144.312,,6.411,8.145,1.5,13.698,7.666,42.251,49.225,2.29,14.982,220.525,363.5,29.672,7.38,0.5,0.25,0.75,2.5,0.25,0,0,0,0.5,19.75,32.75,18,0.5,0,0.25,3,0.25,0,0.5,0.25,0.75,2.5,0.25,0,0,0,0.5,43.75,48.75,8,0,0.9,0.8,0.8,30_20_10,10_5_1,10_5_1,3.1.2,18.443,31.281,0,3.94,1.578,682.226,81.756,6.256,0.06,0,0.06,1.101,0.089,0,9.821,1.577,3.393,638.94,9.94,0,0,0,1.101,642.631,8.869,14.524,0,666.024,770.298,1436.321,2.286,0.885,0,8.178,6.318,51.24,117.28,16.45,71.821,118.3,,151.03,119.658,129.213,4.346,6.089,,,,56.815,3.755,56.872,144.312,,7.1,8.417,1.586,14.143,8.057,44.823,50.757,2.022,15.847,223.814,368.214,31.711,5.902,0.714,0.357,1.071,3.143,0.357,0,0,0,0.714,17.929,25.571,13.286,0.286,0,0.357,4.286,0.357,0,0.714,0.357,1.071,3.143,0.357,0,0,0,0.714,54.571,62.143,11.429,0
Lup027 back pre.cwa.RData,Lup027,Wednesday,2023-04-05,4,3,1,0,0,4,0,0,0,0,0,0,4,13:30:05-11:13:25,22.617,34.455,6.247,2.989,4.855,673.5,33.542,1.875,1.333,0,0.396,2.188,1.667,0,0,0,2.083,659.375,0,2.5,0,0,0.375,644.188,18.896,5.5,0,668.583,710.25,1378.833,0.5,0.948,0,2.909,6.899,55.936,131.875,,27.247,73.032,151.696,,,,146.094,7.853,,11.695,,,63.039,6.139,59.792,139.176,,8.843,3.365,1.575,6.042,6.012,21.651,37.702,2.03,11.132,597.8,881,27.724,12.099,0,0,1,4.75,0,0.25,0,0,0.25,14.75,18.75,9.5,3,0,2.75,9,5,0,0,0,1,4.75,0,0.25,0,0,0.25,147.5,147,26.25,0,0.9,0.8,0.8,30_20_10,10_5_1,10_5_1,3.1.2,22.577,34.406,5.95,2.847,4.624,674.258,32.401,1.802,1.27,0,0.377,2.087,1.587,0,0,0,2.135,662.587,0,2.381,0,0,0.357,647.687,18.413,5.413,0,671.512,709.73,1381.242,0.476,0.95,0,2.87,6.976,55.435,131.875,27.247,74.107,151.696,,,,144.444,7.794,,11.695,,,63.039,6.128,59.754,139.515,,8.767,3.309,1.543,5.908,5.953,21.296,36.983,2.035,10.993,592.857,885.19,27.742,11.98,0,0,1.048,4.667,0,0.238,0,0,0.238,14.571,18.429,9.19,2.857,0,2.619,8.619,4.762,0,0,0,1.048,4.667,0,0.238,0,0,0.238,144,143.476,25.381,0
Lup028 back pre.cwa.RData,Lup028,Sunday,2023-04-02,4,3,1,0,0,4,0,0,0,0,0,0,4,06:44:55-06:50:20,22.701,30.61,1.957,1.472,1.858,436.958,35.75,1.875,0,0,31.292,11.938,2.792,0,33.062,10.167,8.188,800.125,17.479,31.604,0,1.562,6.562,859.208,42.312,47.271,5.979,954.771,474.583,1429.354,0.25,0.921,0,3.895,6.965,53.43,,,11.616,65.362,117.371,,168.629,126.557,129.134,8.311,8.191,10.807,,91.22,69.404,7.095,64.188,132.059,516.883,18.608,4.254,2.25,5.895,14.063,83.052,115.353,3.821,35.77,406.725,812.75,23.205,11.205,2.25,1.5,7.25,7.5,0.75,3,0,0.25,4.25,20.25,28,15,0,0,43.5,66.25,14,0,2.25,1.5,6.5,7.5,0.75,3,0,0.25,4.25,219.75,260.5,59.75,0.25,0.9,0.8,0.8,30_20_10,10_5_1,10_5_1,3.1.2,22.712,30.621,1.938,1.553,1.869,436.413,36.258,1.881,0,0,30.433,11.698,2.73,0,33.829,10.325,8.167,802.762,16.647,30.766,0,1.488,6.726,859.187,42.214,48.476,5.694,955.571,474.552,1430.123,0.286,0.92,0,3.987,6.914,53.72,,11.704,65.36,117.326,,170.651,126.218,129.694,8.372,8.191,10.495,,91.22,69.914,7.128,64.412,132.437,516.883,18.684,4.34,2.333,5.945,14.134,84.55,116.856,3.925,35.906,413.786,820.762,23.222,11.151,2.286,1.524,7.238,7.667,0.714,2.905,0,0.238,4.333,20.429,27.952,15.095,0,0,42.619,64.857,13.667,0,2.286,1.524,6.429,7.667,0.714,2.905,0,0.238,4.333,217.762,258.571,59.952,0.238
Lup029 back pre.cwa.RData,Lup029,Wednesday,2023-04-05,1,1,0,0,0,0,1,0,0,0,0,0,1,02:20:35-02:19:40,21.512,26.329,31.365,100,45.148,0,289,0,0,0,37.75,12.833,4.667,0,29.583,10.333,7.333,1022.083,0,23.667,0,0,1.917,1043.167,50.25,56.75,0,1150.167,289,1439.167,0,0,0,,1.424,,,,14.725,66.213,136.384,,169.134,164.45,163.708,11.014,,16.117,,,77.317,9.006,61.432,163.022,,18.895,1.424,0.8,1.968,15.387,91.508,165.6,1.499,40.548,351.3,936,21.01,10.176,2,2,4,7,0,3,0,0,2,0,1,0,0,0,55,84,21,0,2,2,4,7,0,3,0,0,2,327,379,79,0,0.9,0.8,0.8,30_20_10,10_5_1,10_5_1,3.1.2,21.512,26.329,31.365,100,45.148,0,289,0,0,0,37.75,12.833,4.667,0,29.583,10.333,7.333,1022.083,0,23.667,0,0,1.917,1043.167,50.25,56.75,0,1150.167,289,1439.167,0,0,0,,1.424,,,14.725,66.213,136.384,,169.134,164.45,163.708,11.014,,16.117,,,77.317,9.006,61.432,163.022,,18.895,1.424,0.8,1.968,15.387,91.508,165.6,1.499,40.548,351.3,936,21.01,10.176,2,2,4,7,0,3,0,0,2,0,1,0,0,0,55,84,21,0,2,2,4,7,0,3,0,0,2,327,379,79,0
Lup030 back pre.cwa.RData,Lup030,Saturday,2023-04-15,3,1,2,0,0,3,0,0,0,0,0,0,3,05:58:55-06:14:55,21.265,31.18,0,5.08,1.717,525.583,64,5.333,0,0,23.833,9.583,1.694,0,0,2.389,2.889,773.75,52.889,15.722,16.722,2,6.833,822.139,76.917,9.25,0,908.306,594.917,1503.222,1.333,0.878,0,9.955,14.92,50.716,,,15.181,64.985,117.217,,,112.37,115.278,11.597,11.368,12.021,51.18,42.885,73.087,8.961,59.376,119.17,,14.323,11.159,1.9,14.288,13.193,51.303,64.769,4.995,17.54,323.2,660.333,21.404,15.849,0,0.333,2.667,11,2,1.667,0.667,0.333,4,13.667,20,9.667,0,0,30.667,50.333,11,0,0,0.333,2.667,11,2,1.667,0.667,0.333,4,349.333,373.333,37,0,0.9,0.8,0.8,30_20_10,10_5_1,10_5_1,3.1.2,22.037,32.302,0,2.177,0.736,551.679,54.19,10.048,0,0,25.31,10.869,1.964,0,0,1.024,2.714,843.417,22.667,26.738,7.167,0.857,11.167,871.821,74.202,7.869,0,953.893,615.917,1569.81,2.286,0.893,0,10.084,13.626,52.702,,17.12,64.159,114.223,,,112.37,112.933,12.056,11.368,11.177,51.18,42.885,75.43,9.624,60.013,116.049,,14.434,11.26,0.986,15.87,13.241,54.158,65.53,2.547,17.486,393.6,837.286,22.781,10.781,0,0.143,2.286,14.429,0.857,1.857,0.286,0.143,6.286,12.143,18.286,12.143,0,0,36,56.429,11.571,0,0,0.143,2.286,14.429,0.857,1.857,0.286,0.143,6.286,361.714,384.571,35.286,0
Lup031 back pre.cwa.RData,Lup031,Sunday,2023-04-30,4,3,1,1,0,3,1,0,0,0,0,0,4,11:52:55-10:24:25,20.539,33.055,1.743,0.479,1.025,652.646,80,17.542,0.771,0,74.104,14.042,3.333,0,9.083,5.271,6.25,167.542,11.75,18.792,169.854,13.333,13.688,276.396,206.021,24.625,0,507.042,750.958,1258,3.5,0.884,0,19.583,16.336,57.765,119.204,,24.319,58.78,135.962,,158.12,172.645,187.165,22.391,26.811,24.202,53.261,52.405,53.134,23.803,54.752,175.247,,46.896,20.122,18.95,13.988,30.845,59.626,93.252,5.346,52.223,445.567,975.667,26.229,11.785,0.75,1,4,2.5,0.5,1.5,7,2.25,8.5,20.5,67.5,57.25,7.25,0,89,86.25,22.5,0,0.75,1,3.5,2.5,0.5,1.5,7,2.25,8.5,199.75,221.5,50,0,0.9,0.8,0.8,30_20_10,10_5_1,10_5_1,3.1.2,20.494,33.12,1.66,0.456,0.976,658.821,80.901,17.048,0.742,0,74.94,14.548,3.437,0,9.123,5.802,6.401,159.563,11.19,18.821,174.056,13.246,13.817,269.639,209.861,25.444,0,504.944,757.512,1262.456,3.667,0.884,0,19.204,16.083,57.767,118.785,24.43,58.91,135.975,,165.427,172.113,186.969,22.391,26.811,24.129,53.227,52.339,53.267,23.939,54.74,174.985,,47.369,19.732,18.495,13.912,30.676,60.12,95.497,5.346,51.505,423.521,975.357,26.349,11.754,0.762,1.095,4.095,2.381,0.476,1.476,7.19,2.238,8.571,20.619,66.905,56.381,7,0,92.048,89.524,23.429,0,0.762,1.095,3.571,2.381,0.476,1.476,7.19,2.238,8.571,203,225.667,51.524,0
Lup032 back pre.cwa.RData,Lup032,Wednesday,2023-08-02,4,3,1,0,0,4,0,0,0,0,0,0,4,06:39:50-06:59:45,23.566,31.996,1.514,0,1.01,476.521,28.854,0.417,0.021,0,106.125,33.812,7.188,0,0,3.25,5.104,671.833,79.833,54.875,0,0,7.188,865.792,84.208,19.208,0,969.208,505.812,1475.021,0.5,0.938,0,3.481,7.795,55.867,143.3,,15.657,62.368,129.877,,,133.024,141.57,11.065,17.502,17.312,,,67.374,9.524,60.98,135.115,,16.598,3.622,2.25,4.728,12.092,58.9,82.802,2.41,24.93,673.1,961.5,23.829,10.245,0,0.5,3.25,10.75,6.25,5.25,0,0,6,12.5,13.5,3.75,0.25,0,174.5,216.5,49.75,0,0,0.5,3.25,10.75,6.25,5.25,0,0,6,511.5,554.25,91.5,0,0.9,0.8,0.8,30_20_10,10_5_1,10_5_1,3.1.2,23.622,32.044,1.73,0,1.154,475.369,29.413,0.468,0.024,0,105.925,33.571,7.242,0,0,3.512,5.294,675.357,78.167,53.988,0,0,7.183,867.06,83.607,19.571,0,970.238,505.274,1475.512,0.476,0.937,0,3.601,7.925,55.817,143.3,15.702,62.47,129.872,,,135.914,142.2,11.117,17.663,17.419,,,67.817,9.612,61.017,135.48,,16.692,3.762,2.452,4.814,12.21,58.986,83.34,2.527,25.076,668.671,961.429,23.936,10.277,0,0.524,3.333,10.714,6.143,5.19,0,0,6,12.524,13.762,4.19,0.286,0,172.286,214.571,50,0,0,0.524,3.333,10.714,6.143,5.19,0,0,6,506.286,549.524,91.381,0
Lup033 back pre.cwa.RData,Lup033,Saturday,2023-08-12,4,2,2,0,0,4,0,0,0,0,0,0,4,07:28:00-08:59:50,23.311,31.565,2.435,0.656,1.861,455.583,39.583,0.062,0,0,4.333,2.708,1.729,0,0,0,0.896,893.354,5.875,8.5,8.188,4.562,3.958,902.146,28.271,3.688,0,934.104,495.229,1429.333,0.75,0.923,0,2.722,4.022,43.167,,,12.19,74.626,115.41,,,,109.605,5.475,14.78,10.335,74.002,77.354,71.71,4.997,67.892,114.944,,7.363,2.879,1.575,3.64,5.8,20.727,45.581,2.263,12.765,443.525,804.25,25.492,12.201,0,0,0.75,3.75,0.25,0.75,0.75,0.75,3,10.25,10,0.75,0,0,7.5,11.5,5.5,0,0,0,0.75,3.75,0.25,0.75,0.75,0.75,3,84.25,96.25,15.25,0,0.9,0.8,0.8,30_20_10,10_5_1,10_5_1,3.1.2,23.105,31.338,1.391,0.375,1.064,452.19,41.744,0.089,0,0,3.69,2.387,1.524,0,0,0,0.512,894.542,8.393,7.304,8.804,4.446,2.744,902.673,28.583,3.089,0,934.345,494.024,1428.369,0.857,0.919,0,2.763,4.83,43.167,,12.007,70.486,121.673,,,,109.605,5.709,14.78,13.712,72.565,80.031,70.978,5.176,66.835,117.176,,7.483,2.992,1.564,3.813,5.922,21.144,44.799,2.438,12.937,452.364,854.714,24.925,12.901,0,0,0.429,3.643,0.357,0.643,0.857,0.643,2.143,10.571,10.643,1.071,0,0,6.857,9.571,4,0,0,0,0.429,3.643,0.357,0.643,0.857,0.643,2.143,87.143,95.929,12.357,0
Lup034 back pre.cwa.RData,Lup034,Sunday,2023-09-03,2,1,1,0,0,2,0,0,0,0,0,0,2,06:50:05-07:31:40,22.489,31.037,0,1.666,0.543,440.167,72.5,0.208,0,0,51.417,21.708,12.417,0.292,20.5,22.458,11.708,717.917,28.083,5.208,20.208,3.208,3.292,778.083,72.25,67.042,1.042,918.417,512.875,1431.292,2.5,0.864,0,3.719,3.941,50.18,,,11.962,67.638,145.881,448.157,134.563,141.633,155.775,7.272,8.414,17.519,73.594,58.536,75.458,5.35,67.838,147.053,479.809,21.363,3.819,3.2,3.589,14.829,98.161,140.902,2.902,31.475,559,969.5,24.849,9.682,2,3,7,8,1,0.5,1,0.5,3,16,16.5,1.5,0,0,105,149,75.5,3.5,2,3,7,8,1,0.5,1,0.5,3,295.5,374.5,155,6.5,0.9,0.8,0.8,30_20_10,10_5_1,10_5_1,3.1.2,22.726,30.826,0,2.38,0.776,426.845,59.036,0.119,0,0,37.095,15.583,7.81,0.167,16.214,23.44,9.262,754.81,40.119,2.976,11.548,1.833,2.845,810.226,55.179,57.238,1.06,923.702,486,1409.702,1.429,0.883,0,4.02,3.734,50.18,,11.714,68.104,138.859,448.157,131.307,146.625,149.263,6.743,8.414,17.519,73.594,58.536,76.2,4.804,67.27,144.415,490.516,17.918,4.04,3.5,3.591,12.928,84.812,132.674,3.231,25.73,545.971,972.714,25.069,8.902,1.571,3,6.143,7.571,1.429,0.286,0.571,0.286,2.571,14.286,14.143,0.857,0,0,70.714,102.714,46.143,2,1.571,3,6.143,7.571,1.429,0.286,0.571,0.286,2.571,246,308.714,121.571,5
Lup035 back pre.cwa.RData,Lup035,Saturday,2023-08-12,4,2,2,0,0,4,0,0,0,0,0,0,4,07:56:30-05:25:25,21.165,31.085,0.951,2.18,1.521,514.417,78.875,1.875,0.063,0,29.562,15.292,6.938,0,3.938,7.875,12.229,698.375,36.104,39.479,4.229,0,6.229,768.458,57.062,34.729,0,860.25,595.229,1455.479,3,0.864,0,2.474,4.352,56.851,103.25,,12.175,68.978,119.095,,141.424,177.664,131.648,10.053,10.226,14.733,87.027,,70.753,7.69,65.807,136.133,,16.877,2.899,1.8,4.933,11.118,71.579,105.027,2.23,24.942,746.2,984,24.119,9.577,0.25,1.5,8.5,9.75,1.5,2.75,0.25,0,4.75,17.25,28,13.75,0.75,0,52.25,94.25,39.75,0,0.25,1.5,8.25,9.75,1.5,2.75,0.25,0,4.75,279.75,336,93.25,0,0.9,0.8,0.8,30_20_10,10_5_1,10_5_1,3.1.2,21.306,31.257,0.543,1.7,1.067,520.452,74.482,2.071,0.071,0,30.375,14.792,5.929,0,2.25,11.25,11.095,705.232,36.756,38.167,2.417,0,6.738,775.94,55.286,33.774,0,865,597.077,1462.077,3.214,0.871,0,2.594,4.603,57.151,104.257,12.04,68.336,119.201,,141.424,177.664,131.941,9.474,9.327,14.578,87.027,,71.324,7.202,64.962,138.669,,16.232,3.044,1.843,5.271,10.768,69.554,104.267,2.347,25.25,759.829,984.214,24.056,8.818,0.143,2.143,7.643,9.429,1.5,2.643,0.143,0,5.071,17.143,28.857,14.714,0.857,0,50.429,88.571,34.286,0,0.143,2.143,7.286,9.429,1.5,2.643,0.143,0,5.071,276.429,326.786,82.429,0
Lup036 back pre.cwa.RData,Lup036,Thursday,2023-08-31,4,2,2,0,0,4,0,0,0,0,0,0,4,08:03:05-08:03:30,20.385,32.863,4.64,2.581,3.965,661.833,85.188,1.25,0.438,0,2.333,0.167,0,0,0,0,1.521,713.25,5.646,2.75,0,0,2.333,717.938,8.312,1.75,0,728,748.708,1476.708,3.5,0.892,0,3.485,6.114,46.895,143.8,,13.967,58.013,,,,,136.915,4.122,15.966,10.658,,,49.111,3.838,49.533,120.785,,4.836,3.827,2.025,5.909,4.346,17.1,25.301,2.445,7.052,474.1,771.25,20.71,8.043,0,0,0.5,1.25,0.25,0.25,0,0,1,16.25,23.5,10.75,1.25,0,1.25,1.25,0,0,0,0,0.5,1.25,0.25,0.25,0,0,1,44.5,45.25,2.25,0,0.9,0.8,0.8,30_20_10,10_5_1,10_5_1,3.1.2,20.537,32.162,4.359,1.475,3.465,622.333,74.161,0.804,0.25,0,1.333,0.095,0,0,0,0,0.869,733.714,3.226,1.571,0,0,1.333,735.875,5.268,1,0,742.143,697.548,1439.69,3.286,0.902,0,3.256,6.33,44.95,143.8,13.967,58.013,,,,,136.915,3.702,15.966,10.658,,,49.111,3.514,47.598,120.785,,4.11,3.561,1.714,5.436,3.928,15.386,21.722,2.15,6.004,415.386,684.143,19.858,6.977,0,0,0.286,1.143,0.143,0.143,0,0,0.571,14.214,18.786,7.214,0.714,0,0.714,0.714,0,0,0,0,0.286,1.143,0.143,0.143,0,0,0.571,31.214,31.214,1.286,0
Lup037 back pre.cwa.RData,Lup037,Saturday,2023-09-23,1,0,1,0,0,1,0,0,0,0,0,0,1,09:28:35-05:14:10,18.328,29.238,2.824,0,1.265,592.417,35.5,26,0.667,0,6.833,1.167,0.333,0,0,0,0,387.667,0,10,101,14.667,9.417,405,124.167,1.917,0,531.083,654.583,1185.667,2,0.905,0,11.047,4.42,53.08,106.638,,29.7,45.807,110.8,,,,,1.234,,7.462,51.227,49.352,58.06,1.599,51.808,109.783,,13.728,12.454,0,20.254,13.025,54.5,57.803,2.569,19.377,207,208,34.143,21.976,0,0,0,4,0,1,3,2,5,16,24,27,7,0,12,8,4,0,0,0,0,4,0,1,3,2,5,52,71,23,0,0.9,0.8,0.8,30_20_10,10_5_1,10_5_1,3.1.2,18.328,29.238,2.824,0,1.265,592.417,35.5,26,0.667,0,6.833,1.167,0.333,0,0,0,0,387.667,0,10,101,14.667,9.417,405,124.167,1.917,0,531.083,654.583,1185.667,2,0.905,0,11.047,4.42,53.08,106.638,29.7,45.807,110.8,,,,,1.234,,7.462,51.227,49.352,58.06,1.599,51.808,109.783,,13.728,12.454,0,20.254,13.025,54.5,57.803,2.569,19.377,207,208,34.143,21.976,0,0,0,4,0,1,3,2,5,16,24,27,7,0,12,8,4,0,0,0,0,4,0,1,3,2,5,52,71,23,0
Lup038 back pre.cwa.RData,Lup038,Wednesday,2023-09-20,4,3,1,0,0,3,1,0,0,0,0,0,4,13:24:40-07:45:40,20.565,29.727,1.872,7.895,3.432,440.396,104.646,4.583,0.125,0,47.896,11.167,1.646,0,7.542,1.583,8,579.875,5.812,16.062,3.354,1.229,4.896,625.188,44.479,19.333,0.062,689.062,549.75,1238.812,2.5,0.81,0,2.481,10.604,52.77,106.688,,18.284,62.242,114.572,,163.568,147.884,141.42,12.844,17.897,18.246,83.14,64.258,65.828,11.396,59.836,137.375,445.2,18.035,4.074,1.7,7.485,11.984,48.101,74.726,2.9,26.257,464.75,846.5,23.872,10.122,0.75,0.25,6.25,5.75,0.25,1.25,0.25,0.25,3.75,13.25,36.5,26.75,1.25,0,54.5,67.25,7.5,0,0.75,0.25,6.25,5.75,0.25,1.25,0.25,0.25,3.75,223.25,251.25,37.25,0.75,0.9,0.8,0.8,30_20_10,10_5_1,10_5_1,3.1.2,20.597,29.455,1.783,7.519,3.269,426.468,100.377,4.48,0.127,0,48.071,11.147,1.663,0,7.183,1.508,7.897,586.94,5.536,15.96,3.194,1.171,4.806,631.956,44.167,18.893,0.06,695.075,531.452,1226.528,2.381,0.814,0,2.455,10.917,52.944,106.596,18.336,62.157,114.487,,163.568,147.884,142.249,12.827,17.897,18.226,83.14,64.258,65.414,11.392,59.716,136.962,445.2,17.887,4.08,1.619,7.657,12.037,47.577,73.744,2.975,26.098,465.357,851.667,23.624,10.195,0.714,0.238,6.238,5.619,0.238,1.238,0.238,0.238,3.714,12.905,35.714,26.19,1.238,0,54.619,67.238,7.571,0,0.714,0.238,6.238,5.619,0.238,1.238,0.238,0.238,3.714,223.429,250.952,37,0.714
Lup039 back pre.cwa.RData,Lup039,Saturday,2023-09-16,2,0,2,0,0,2,0,0,0,0,0,0,2,09:09:15-10:25:20,24.689,33.427,0,0,0,459.875,63.333,1.083,0,0,37.042,15.292,6.083,0,9.333,8.167,9.292,719.833,35.583,29.083,6.333,5.875,12.083,786.75,70.958,36.125,0.167,894,524.292,1418.292,2.5,0.885,0,3.189,5.667,49.707,,,13.605,67.361,115.221,,136.356,121.576,138.158,9.543,10.111,10.67,65.668,65.677,73.994,7.177,64.445,131.252,543.367,16.402,3.57,2.5,4.741,11.685,62.652,97.451,6.099,23.547,435.2,853,22.872,6.956,0.5,2,6.5,9,1.5,2,0.5,1,11,12.5,20.5,10,0,0,62.5,87,30,0,0.5,2,6,9,1.5,2,0.5,1,11,300.5,358,91.5,1,0.9,0.8,0.8,30_20_10,10_5_1,10_5_1,3.1.2,24.689,33.427,0,0,0,459.875,63.333,1.083,0,0,37.042,15.292,6.083,0,9.333,8.167,9.292,719.833,35.583,29.083,6.333,5.875,12.083,786.75,70.958,36.125,0.167,894,524.292,1418.292,2.5,0.885,0,3.189,5.667,49.707,,13.605,67.361,115.221,,136.356,121.576,138.158,9.543,10.111,10.67,65.668,65.677,73.994,7.177,64.445,131.252,543.367,16.402,3.57,2.5,4.741,11.685,62.652,97.451,6.099,23.547,435.2,853,22.872,6.956,0.5,2,6.5,9,1.5,2,0.5,1,11,12.5,20.5,10,0,0,62.5,87,30,0,0.5,2,6,9,1.5,2,0.5,1,11,300.5,358,91.5,1
Lup040 back pre.cwa.RData,Lup040,Sunday,2023-09-24,1,0,1,0,0,1,0,0,0,0,0,0,1,07:51:25-06:34:50,21.953,30.582,0,14.486,5.501,404.083,112.25,1.417,0,0,67.417,23.833,4.833,0,0,0,8.417,644.667,0,70.333,0,0,26.25,744.083,88.083,13.583,0,845.75,517.75,1363.5,2,0.78,0,2.333,4.254,61.894,,,14.885,63.422,111.166,,,,122.812,9.952,,9.3,,,67.016,7.749,62.723,119.567,,15.27,2.912,2.1,4.041,10.578,58.9,79.602,2.723,19.862,522.1,961,24.19,8.857,0,0,5,11,0,5,0,0,19,18,25,8,0,0,109,133,27,0,0,0,5,11,0,5,0,0,19,363,402,46,0,0.9,0.8,0.8,30_20_10,10_5_1,10_5_1,3.1.2,21.953,30.582,0,14.486,5.501,404.083,112.25,1.417,0,0,67.417,23.833,4.833,0,0,0,8.417,644.667,0,70.333,0,0,26.25,744.083,88.083,13.583,0,845.75,517.75,1363.5,2,0.78,0,2.333,4.254,61.894,,14.885,63.422,111.166,,,,122.812,9.952,,9.3,,,67.016,7.749,62.723,119.567,,15.27,2.912,2.1,4.041,10.578,58.9,79.602,2.723,19.862,522.1,961,24.19,8.857,0,0,5,11,0,5,0,0,19,18,25,8,0,0,109,133,27,0,0,0,5,11,0,5,0,0,19,363,402,46,0
Lup041 back pre.cwa.RData,Lup041,Wednesday,2023-10-04,4,3,1,0,0,4,0,0,0,0,0,0,4,08:44:50-05:57:20,19.647,30.035,0,7.839,2.86,533.875,86.229,3.062,0.104,0,48.833,17.604,7.646,0,0,0,3.667,636.229,35.938,25.5,0,0,1.854,705.042,51.979,20.167,0.083,777.271,623.271,1400.542,1.25,0.854,0,2.399,5.262,59.338,124.012,,15.912,65.81,131.339,,,,140.808,12.836,19.942,14.575,,,64.56,9.601,61.83,135.703,511.5,16.471,2.991,1.2,5.3,10.448,48.277,79.153,2.049,21.37,172,280.25,22.484,11.026,0,0,3.5,9.5,2.25,2,0,0,1.5,15.5,30.75,20.75,1,0,76.75,117.75,43.5,0,0,0,3,9.5,2.25,2,0,0,1.5,323.5,375.75,101.75,0.25,0.9,0.8,0.8,30_20_10,10_5_1,10_5_1,3.1.2,19.78,30.039,0,8.553,3.071,524.976,87.484,2.948,0.099,0,50.877,18.183,7.813,0,0,0,3.54,643.548,34.226,26.671,0,0,2.119,713.611,53.075,20.21,0.079,786.976,615.508,1402.484,1.19,0.849,0,2.402,5.133,59.017,124.012,15.929,65.726,131.107,,,,139.995,12.82,19.942,14.376,,,64.56,9.615,61.855,135.416,511.5,16.47,2.971,1.229,5.203,10.523,48.716,79.517,2.031,21.497,172.167,284.714,22.434,11.125,0,0,3.381,9.714,2.143,2.095,0,0,1.714,15.19,29.714,19.952,0.952,0,80.095,122.095,44.952,0,0,0,2.905,9.714,2.143,2.095,0,0,1.714,329.571,382.905,103.476,0.238
Lup043 Back pre.cwa.RData,Lup043,Thursday,2023-10-26,4,2,2,0,0,3,1,0,0,0,0,0,4,06:30:05-06:49:45,23.659,30.82,0,10.391,3.64,366.792,77.646,0.25,0,0,63.812,16.938,4.396,0,3.083,3.938,6.708,814.167,12.188,19.417,0,1.062,4.562,874.854,53.208,22.208,0,950.271,444.688,1394.958,0.5,0.853,0,3.786,2.595,56.92,,,15.346,60.746,160.126,,185.286,168.377,178.03,8.411,15.841,21.375,,57.416,58.041,6.831,61.043,168.786,,13.752,3.78,2.325,4.297,10.753,49.153,84.13,3.315,22.423,208,296.25,25.988,11.529,0.25,0.5,4.75,7.5,0.5,1.75,0,0.25,3.75,10,11,3,0,0,90.5,105.75,18.5,0,0.25,0.5,4.75,7.5,0.5,1.75,0,0.25,3.75,324.75,344,62.5,0,0.9,0.8,0.8,30_20_10,10_5_1,10_5_1,3.1.2,23.258,31.065,0,10.911,3.814,397.22,79.494,0.268,0,0,66.643,17.071,4.119,0,1.762,2.25,5.44,827.256,12.679,13.292,0,1.518,3.893,886.97,51.226,17.726,0,955.923,476.982,1432.905,0.286,0.847,0,3.909,3.077,56.623,,15.316,61.046,159.639,,185.286,168.377,186.992,8.073,15.566,21.735,,57.416,55.781,6.588,61.188,166.848,,12.588,3.892,2.679,4.214,9.818,45.167,75.246,3.098,20.464,204.721,285.214,27.028,11.195,0.143,0.286,4,7.286,0.5,1.214,0,0.357,3,11.5,12.286,3.214,0,0,98.429,112.071,18.286,0,0.143,0.286,4,7.286,0.5,1.214,0,0.357,3,320.571,336.714,60.786,0
Lup044 backpre.cwa.RData,Lup044,Friday,2023-10-20,4,2,2,1,0,4,0,0,0,0,0,0,4,11:01:40-12:20:50,24.851,33.854,0.923,2.295,1.554,497.208,41.771,1.188,0,0,12,4.271,1.812,0,10.625,1.646,5.542,782.812,6.604,4.25,8.583,0,1.25,786.833,31.583,11.271,9.708,839.396,540.167,1379.562,1,0.926,0,5.568,9.221,53.405,,,15.672,64.976,142.722,,626.386,135.684,153.377,7.996,7.301,20.199,66.92,,57.244,6.702,59.68,161.023,672.434,18.879,5.921,4.55,5.964,13.998,36.602,201.829,3.961,37.217,236.825,447.25,25.778,12.903,0.5,0.25,4.5,3.25,0.25,0.25,0.5,0,1.25,13.5,21.25,10.5,0,0,21.5,28.25,7.5,0,0.5,0.25,4.25,3.25,0.25,0.25,0.5,0,1.25,177.25,189.25,31.75,2.5,0.9,0.8,0.8,30_20_10,10_5_1,10_5_1,3.1.2,24.725,33.777,0.909,2.734,1.734,496.637,45.137,1.304,0,0,15.589,4.905,1.607,0,6.071,0.94,5.827,804.429,3.774,2.429,12.262,0,1.482,807.44,35.548,10.78,5.548,859.315,543.077,1402.393,1,0.921,0,5.409,9.499,53.312,,14.673,63.981,137.215,,626.386,135.684,153.367,7.987,7.301,20.199,66.92,,55.498,6.73,59.744,157.488,672.434,15.433,5.798,4.4,5.906,11.868,36.581,140.125,4.098,28.548,221.686,342.143,25.463,13.32,0.286,0.143,4.714,3.571,0.143,0.143,0.714,0,1.571,13.714,22.429,11.571,0,0,25.357,31.357,7.071,0,0.286,0.143,4.357,3.571,0.143,0.143,0.714,0,1.571,175.857,190.214,31.429,1.429
Lup045 back pre.cwa.RData,Lup045,Thursday,2023-10-26,4,2,2,0,0,3,1,0,0,0,0,0,4,06:49:45-06:29:45,23.639,30.751,3.286,25,8.895,334.771,106.396,0.458,0.104,0,94.313,49.229,16.021,0,34.708,10.958,15.792,676,50.646,30.042,0,1.979,14.875,806.333,111.875,75.104,1.25,994.563,441.729,1436.292,0,0.712,0,4.406,3.557,63.175,127.6,,17.087,63.102,133.662,,158.916,136.5,150.009,10.58,14.122,14.604,,53.803,63.299,8.291,62.877,148.709,474.248,25.861,4.57,1.575,8.322,19.366,115.603,147.351,3.117,43.58,268.425,495.5,23.772,11.147,2.75,1.75,11.25,11.5,3,2.5,0,0.5,11.5,5.75,7.5,4,1,0,239.75,308.25,89,0,2.75,1.75,11,11.5,3,2.5,0,0.5,11.5,537.5,651.25,194.25,2.5,0.9,0.8,0.8,30_20_10,10_5_1,10_5_1,3.1.2,23.728,30.949,1.878,14.286,5.083,371.048,70.244,0.44,0.095,0,104.696,51.577,16.155,0,26.798,11.869,14.452,691.893,39.798,33.631,0,2.827,16.482,825.53,114.821,68.256,1.571,1010.179,441.827,1452.006,0,0.814,0,4.01,3.404,66.381,123.571,17.036,62.293,133.139,,169.58,141.809,152.219,10.64,14.234,13.394,,53.803,63.252,8.38,62.505,148.235,466.461,24.963,3.367,1.286,6.22,18.382,108.081,141.072,2.533,41.916,280.286,532.571,24.368,10.368,2,1.857,10.286,11.714,2.786,2.714,0,0.714,12.786,6.5,7.5,3.786,1,0,260.214,328.929,92.429,0,2,1.857,9.929,11.714,2.786,2.714,0,0.714,12.786,558.929,672.571,196.286,2.929
Lup046 back pre.cwa.RData,Lup046,Saturday,2023-11-04,4,2,2,1,0,4,0,0,0,0,0,0,4,09:01:20-08:52:20,23.659,34.956,0.926,0,0.419,577.646,99,1.167,0,0,2.146,1.604,0.104,0,10.792,0,1.333,717.125,12.458,9.208,0,2.958,2.625,722.25,25.021,13.083,0,760.354,677.813,1438.167,6,0.864,0,2.248,3.411,54.066,,,17.18,63.941,120.338,,115.551,,147.99,6.338,17.467,15.751,,87.643,79.217,5.341,62.129,131.059,,8.701,2.484,1.225,3.783,6.133,29.376,58.052,1.566,13.728,192.4,403.5,25.903,15.778,0.25,0,0.75,4.75,0.5,0.75,0,0.5,1.25,22.5,31.75,10.75,0,0,2,6.75,1,0,0.25,0,0.5,4.75,0.5,0.75,0,0.5,1.25,135.5,145.25,18,0,0.9,0.8,0.8,30_20_10,10_5_1,10_5_1,3.1.2,23.175,36.025,1.323,0,0.599,652.744,116.679,1.56,0,0,1.226,1.149,0.131,0,6.167,0,1.512,639.089,17.798,5.262,0,4.226,2.357,648.25,21.744,8.923,0,678.917,770.982,1449.899,7.286,0.855,0,2.118,3.553,53.763,,17.18,66.55,128.411,,115.551,,146.975,5.459,17.467,15.751,,87.643,82.491,4.674,62.329,133.9,,7.531,2.426,1.193,3.927,5.09,24.372,48.152,1.465,11.319,191.029,396.214,25.776,15.669,0.143,0,0.857,4.429,0.714,0.429,0,0.714,0.929,24.429,37.214,14.286,0,0,1.143,5.571,1.214,0,0.143,0,0.5,4.429,0.714,0.429,0,0.714,0.929,110.214,118.786,15.429,0
Lup047 back pre.cwa.RData,Lup047,Thursday,2023-11-30,3,2,1,0,0,3,0,0,0,0,0,0,3,08:50:25-04:59:50,24.458,30.463,2.265,0,1.654,322.972,36.694,0.583,0.056,0,129.833,50.111,20.556,0.139,23.667,22.194,16.028,574.25,71.806,61.389,0,4.083,13.722,794.639,107.75,85.139,0.25,987.778,360.306,1348.083,0,0.906,0,3.105,5.429,57.578,151.75,,12.885,64.827,137.181,501.017,164.429,164.129,160.758,10.319,12.867,15.144,,64.515,70.049,7.438,65.032,163.17,501.6,27.269,3.392,2.667,4.819,21.646,124.503,175.408,5.56,40.755,186.433,214.667,23.162,13.273,1.667,3.667,9,11,4,5.667,0,1,11,14.667,17.333,5.667,0.667,0,281.667,338.333,136.333,1.667,1.667,3.667,9,11,4,5.667,0,1,11,612.667,690.333,260,2.667,0.9,0.8,0.8,30_20_10,10_5_1,10_5_1,3.1.2,24.33,30.621,2.427,0,1.772,337.744,39.054,0.613,0.06,0,132.089,50.452,20.423,0.131,22.107,22.417,15.226,567.887,76.935,63.685,0,4.03,13.958,797.518,108.333,83.256,0.232,989.339,377.47,1366.81,0,0.902,0,3.065,5.28,58.148,151.75,12.886,64.64,137.031,516.267,168.166,165.509,160.163,10.306,12.867,14.992,,63.136,69.584,7.417,64.903,163.354,526.557,26.953,3.36,2.614,4.85,21.148,122.696,174.93,5.18,40.153,186.543,216.786,23.175,13.02,1.571,3.714,8.643,10.929,4.286,5.929,0,1,11.143,15.357,18.357,5.929,0.714,0,285.071,340.643,136.643,1.571,1.571,3.714,8.643,10.929,4.286,5.929,0,1,11.143,618.786,694.143,260.214,2.5
Lup048 back pre.cwa.RData,Lup048,Friday,2023-12-08,5,3,2,0,0,5,0,0,0,0,0,0,5,05:43:15-09:49:00,22.867,32.716,0,1.015,0.453,515.733,73.15,2.017,0.017,0,92.133,28.517,5.367,0,0,2.117,2.483,599.367,41.267,77.433,7.6,11.967,29.867,783.967,102.317,11.833,0,898.117,590.917,1489.033,2.4,0.88,0,2.94,4.65,55.119,145.3,,13.143,62.117,114.987,,,117.1,106.558,7.384,11.112,12.783,68.963,78.437,69.15,6.637,63.959,114.453,,14.204,3.3,1.8,4.942,10.17,60.68,74.641,2.393,21.043,192.44,303.4,22.632,11.032,0,0.4,2.2,5,1.8,6.4,0.6,2,23.6,17.8,27.2,14,0.2,0,133,146.4,27.2,0,0,0.4,2,5,1.8,6.4,0.6,2,23.6,333.2,379.4,52.8,0,0.9,0.8,0.8,30_20_10,10_5_1,10_5_1,3.1.2,23.212,32.708,0,1.029,0.434,501.571,66.369,1.782,0.012,0,106.778,33.083,6.294,0,0,2.52,2.829,592.31,46.802,89.294,6.556,12.976,34.079,807.96,111.837,13.722,0,933.52,569.734,1503.254,2,0.887,0,2.93,4.698,55.071,145.3,13.157,61.784,114.5,,,117.1,106.618,7.548,11.186,12.703,71.135,78.287,68.854,6.908,64.953,114.139,,15.195,3.271,1.838,4.821,10.862,65.581,79.601,2.409,22.186,188.295,293.19,22.352,11.13,0,0.476,2.524,5.19,2.048,7.333,0.524,2.19,27.238,16.81,25.143,12.857,0.143,0,155.095,170.667,31.81,0,0,0.476,2.286,5.19,2.048,7.333,0.524,2.19,27.238,363.333,417.19,61.143,0
Lup049 back pre.cwa.RData,Lup049,Friday,2023-12-01,4,2,2,0,0,3,1,0,0,0,0,0,4,06:21:10-08:49:00,22.242,31.498,4.804,25,10.478,414.792,138.792,1.688,0.104,0,32.104,11.146,3.812,0,42.104,5.062,7.583,716.479,47.438,16.729,0,1.125,0.979,774.146,49.604,54.062,6.75,884.562,555.375,1439.938,1,0.688,0,4.293,5.507,56.065,117.775,,11.329,65.227,139.744,,227.752,207.598,149.808,10.298,11.189,14.686,,43.309,58.432,7.329,61.792,163.586,571.639,23.91,4.63,2.875,6.057,16.573,105.954,152.678,3.642,47.869,210.7,385.25,26.166,11.124,2,0.75,5.5,14.5,2.25,1.25,0,0.25,0.75,13.25,21,11.5,1,0,50.25,78.75,23,0,2,0.75,5.5,14.5,2.25,1.25,0,0.25,0.75,336.5,362.5,86.5,2,0.9,0.8,0.8,30_20_10,10_5_1,10_5_1,3.1.2,22.284,31.535,6.862,35.714,14.968,369.417,183.738,1.786,0.113,0,33.774,12.19,4.661,0,48.185,2.893,8.137,742.845,46.446,15.702,0,1.607,1.399,800.333,50.863,57,9.643,917.839,555.054,1472.893,1.429,0.581,0,3.732,5.499,57.741,121.386,11.75,66.023,147.264,,258.629,207.598,154.08,10.378,10.496,15.372,,43.309,58.432,7.413,61.758,159.539,571.639,25.432,4.486,2.693,5.818,17.701,108.741,163.167,3.619,52.264,209.8,385.786,26.224,11.415,2.429,0.429,6.357,16,2.357,1.143,0,0.357,1.071,13.357,21.857,12.786,1.214,0,54.643,86.786,27.071,0,2.429,0.429,6.357,16,2.357,1.143,0,0.357,1.071,343.786,372.571,95.286,2.857
Lup050 back pre.cwa.RData,Lup050,Wednesday,2023-12-20,3,3,0,0,0,3,0,0,0,0,0,0,3,06:52:35-06:05:35,22.795,30.018,0,3.485,1.062,383.222,30.972,19.167,0.028,0,202.167,45.806,3.361,0,48.5,5.139,6.361,104.25,35.444,74.417,286.111,87.75,80.167,452.556,462.972,63.861,0.083,979.472,433.389,1412.861,1,0.884,0,23.146,4.398,61.069,103.8,,33.702,46.653,148.959,,210.75,203.163,192.837,8.939,26.429,27.477,49.901,48.141,48.149,26.431,49.234,210.379,465.825,49.221,23.394,2.233,30.98,41.385,123.737,224.403,16.413,64.451,184.033,184.333,21.359,11.693,4,0.667,3,2,1.667,6.667,18.333,14.333,51,18.667,15,9.667,0.333,0,276,225,17.333,0,4,0.667,3,2,1.667,6.667,18.333,14.333,51,576.667,641.333,71.333,1,0.9,0.8,0.8,30_20_10,10_5_1,10_5_1,3.1.2,22.795,30.018,0,3.485,1.062,383.222,30.972,19.167,0.028,0,202.167,45.806,3.361,0,48.5,5.139,6.361,104.25,35.444,74.417,286.111,87.75,80.167,452.556,462.972,63.861,0.083,979.472,433.389,1412.861,1,0.884,0,23.146,4.398,61.069,103.8,33.702,46.653,148.959,,210.75,203.163,192.837,8.939,26.429,27.477,49.901,48.141,48.149,26.431,49.234,210.379,465.825,49.221,23.394,2.233,30.98,41.385,123.737,224.403,16.413,64.451,184.033,184.333,21.359,11.693,4,0.667,3,2,1.667,6.667,18.333,14.333,51,18.667,15,9.667,0.333,0,276,225,17.333,0,4,0.667,3,2,1.667,6.667,18.333,14.333,51,576.667,641.333,71.333,1
Lup051 back pre.cwa.RData,Lup051,Tuesday,2023-12-12,4,4,0,2,0,4,0,0,0,0,0,0,4,08:25:30-17:10:45,24.761,36.486,0.95,0.672,1.114,640.979,58.729,3.771,0.021,0,26.146,6.521,3.583,0,0,2.625,16.625,669.104,11.958,23.062,0,1.833,1.5,707.854,27.625,27.479,0,762.958,703.5,1466.458,2,0.913,0,14.858,9.068,56.947,136.1,,5.891,69.492,128.635,,,126.175,147.078,12.74,6.631,10.691,,42.185,71.669,10.499,61.092,144.204,,16.916,14.613,14.8,11.216,15.327,58.903,89.175,9.367,21.564,197.6,334.25,25.712,11.504,0,0.5,10.5,7.5,0.5,1.5,0,0.25,1.25,19.5,36.5,26,0.25,0,26.25,45,15.75,0,0,0.5,10.25,7.5,0.5,1.5,0,0.25,1.25,172.25,198,69.5,0,0.9,0.8,0.8,30_20_10,10_5_1,10_5_1,3.1.2,24.761,36.486,0.95,0.672,1.114,640.979,58.729,3.771,0.021,0,26.146,6.521,3.583,0,0,2.625,16.625,669.104,11.958,23.062,0,1.833,1.5,707.854,27.625,27.479,0,762.958,703.5,1466.458,2,0.913,0,14.858,9.068,56.947,136.1,5.891,69.492,128.635,,,126.175,147.078,12.74,6.631,10.691,,42.185,71.669,10.499,61.092,144.204,,16.916,14.613,14.8,11.216,15.327,58.903,89.175,9.367,21.564,197.6,334.25,25.712,11.504,0,0.5,10.5,7.5,0.5,1.5,0,0.25,1.25,19.5,36.5,26,0.25,0,26.25,45,15.75,0,0,0.5,10.25,7.5,0.5,1.5,0,0.25,1.25,172.25,198,69.5,0
Lup052 back pre.cwa.RData,Lup052,Saturday,2023-12-09,4,2,2,0,0,3,1,0,0,0,0,0,4,09:30:00-08:57:50,23.319,32.874,1.57,27.366,9.903,415.5,156.354,1.333,0.125,0,86.333,38.042,6.979,0.125,3.188,3.875,6.5,649.417,6,9.458,4.25,10.312,8.188,726.396,82.042,24.042,0.188,832.667,573.312,1405.979,1,0.658,0,2.387,5.363,57.504,147.967,,29.315,55.357,138.884,448.05,164.345,193.286,176.429,17.935,17.471,31.7,52.077,51.545,50.449,17.463,55.251,155.293,459.387,25.4,2.822,0.3,5.565,16.297,56.726,97.976,1.895,38.673,226.6,451,27.108,10.316,0.25,0.5,4.75,5.5,0.25,0.75,0.5,2,7.25,14.5,21.25,9.75,1,0,211.5,237,44.75,1.5,0.25,0.5,4.75,5.5,0.25,0.75,0.5,2,7.25,394.5,440.5,89.25,2.25,0.9,0.8,0.8,30_20_10,10_5_1,10_5_1,3.1.2,23.73,32.81,1.413,37.066,12.778,360.018,183.256,1.351,0.125,0,85.101,38.077,6.935,0.161,4.554,5.536,8.661,658.363,8.571,8.048,6.071,13.661,8.268,736.94,85.774,29.042,0.25,852.006,544.75,1396.756,0.571,0.575,0,3.434,5.846,57.626,150.581,29.241,55.721,139.335,450.561,164.345,193.286,175.467,17.967,17.471,31.08,52.077,51.157,50.171,17.418,55.208,161.178,462.707,26.411,3.157,0.407,5.558,17.44,60.958,111.958,2.327,41.839,221.071,436.214,26.947,10.459,0.357,0.714,6.143,5.286,0.357,0.643,0.714,2.643,7.143,11.929,20.071,10.286,1,0,209.786,235.286,44.429,1.929,0.357,0.714,6.143,5.286,0.357,0.643,0.714,2.643,7.143,389.357,437.071,91.929,3
Lup054 back pre.cwa.RData,Lup054,Friday,2023-12-22,3,1,2,0,0,3,0,0,0,0,0,0,3,06:04:15-06:02:00,23.521,29.65,1.262,0.939,1.437,319.222,45.222,3.278,0,0,170.444,50.806,2.056,0,0,3.583,1.111,271.472,103.306,48.194,298.528,44.417,55.639,604.694,435.639,9.222,0,1049.556,367.722,1417.278,2.667,0.881,0,7.038,6.966,50.962,,,30.151,49.966,116.635,,,122.867,111.84,28.059,30.274,30.645,48.507,48.752,49.656,28.476,49.885,115.632,,38.117,7.402,5.9,7.44,30.165,58.969,72.767,11.035,43.199,269.333,495.333,23.64,10.918,0,0.667,1,6.667,4.667,4.333,12.667,7.667,38,9.333,22.333,14.667,0,0,316.333,282,9.667,0,0,0.667,0.667,6.667,4.667,4.333,12.667,7.667,38,772.667,800.333,33,0,0.9,0.8,0.8,30_20_10,10_5_1,10_5_1,3.1.2,22.172,29.87,0.541,2.012,1.212,404.81,53,4.071,0,0,132.048,44.155,3.452,0,0,7.679,2.381,266.25,113.036,60.274,239.226,49.274,49.369,577.631,372.369,17.143,0,967.143,461.881,1429.024,3.429,0.881,0,6.444,8.039,49.86,,31.058,50.878,119.533,,,122.867,111.84,27.831,30.959,31.876,48.603,50.46,51.102,28.871,50.097,119.349,,38.682,6.992,5.557,7.416,28.413,61.22,82.444,7.415,44.375,227.657,424.857,23.696,8.338,0,1.429,2.143,5.143,4.857,5.857,12.286,7.857,32.857,11.429,29.571,20,0,0,255,231.714,14.429,0,0,1.429,1.429,5.143,4.857,5.857,12.286,7.857,32.857,656.857,699,49.571,0
Lup055 back pre.cwa.RData,Lup055,Sunday,2024-01-14,2,1,1,0,0,2,0,0,0,0,0,0,2,04:18:50-05:40:00,22.479,29.752,0.689,0,0.493,404.542,31.458,0.333,0.042,0,47.5,14.292,5.083,0.292,16.542,9.375,14,905.125,9.583,7.083,0,9.667,10.75,951.75,54.833,41.792,0.917,1049.292,436.375,1485.667,0.5,0.927,0,2.446,4.327,53.303,105.4,,15.252,71.014,114.196,451.386,107.791,106.649,138.745,7.103,16.54,11.922,,51.629,74.217,6.386,66.196,117.264,459.95,14.385,2.619,1.75,3.602,10.915,77.604,106.602,2.205,27.503,330.95,703.5,23.824,10.658,1,1.5,9,5.5,0.5,0.5,0,1.5,8,11,11,4,0.5,0,71.5,98.5,28,0.5,1,1.5,9,5.5,0.5,0.5,0,1.5,8,224,299,96,2.5,0.9,0.8,0.8,30_20_10,10_5_1,10_5_1,3.1.2,22.49,29.788,0.394,0,0.282,401.917,35.655,0.298,0.024,0,34.643,11.488,5.262,0.167,23.631,8,15.143,891.036,13.69,10.119,0,9.167,10.179,930.786,52.476,48.738,0.524,1032.524,437.893,1470.417,0.714,0.918,0,2.521,4.191,54.102,105.4,15.006,74.296,113.907,451.386,107.791,107.393,130.094,7.334,16.54,11.922,,48.159,76.526,6.374,67.06,117.749,459.95,14.997,2.689,1.9,3.547,11.319,86.518,110.588,2.398,29.708,312.157,640.714,23.757,11.305,1.429,1.286,9.429,6.143,0.714,0.714,0,1.286,7.571,11.429,11,3.571,0.286,0,51.143,79.429,26.286,0.286,1.429,1.286,9.429,6.143,0.714,0.714,0,1.286,7.571,206,285.714,102,1.429
